Name,Email,Financial Status,Paid at,Fulfillment Status,Fulfilled at,Accepts Marketing,Currency,Subtotal,Shipping,Taxes,Total,Discount Code,Discount Amount,Shipping Method,Created at,Lineitem quantity,Lineitem name,Lineitem price,Lineitem compare at price,Lineitem sku,Lineitem requires shipping,Lineitem taxable,Lineitem fulfillment status,Billing Name,Billing Street,Billing City,Billing Zip,Billing Province,Billing Country,Shipping Name,Shipping Street,Shipping City,Shipping Zip,Shipping Province,Shipping Country,Notes
#1001,customer2@example.com,paid,2026-08-24T05:28:58.577Z,fulfilled,2026-08-24T05:28:58.577Z,yes,USD,28.00,0.00,2.24,30.24,,0.00,Standard Shipping,2026-08-24T05:28:58.577Z,1,"Cotton T-Shirt",28.00,32.00,TEE-COTTON-004,TRUE,TRUE,fulfilled,"Customer 1","123 Market St","New York","10001","NY","US","Customer 1","123 Market St","New York","10001","NY","US",
#1002,customer3@example.com,paid,2026-08-24T07:28:58.578Z,fulfilled,2026-08-24T07:28:58.578Z,yes,USD,28.00,0.00,2.24,30.24,,0.00,Standard Shipping,2026-08-24T07:28:58.578Z,1,"Cotton T-Shirt",28.00,32.00,TEE-COTTON-004,TRUE,TRUE,fulfilled,"Customer 2","123 Market St","New York","10001","NY","US","Customer 2","123 Market St","New York","10001","NY","US",
#1003,customer4@example.com,paid,2026-08-24T09:28:58.578Z,fulfilled,2026-08-24T09:28:58.578Z,yes,USD,145.00,0.00,11.60,156.60,,0.00,Standard Shipping,2026-08-24T09:28:58.578Z,1,"Leather Backpack",145.00,165.00,BAG-LEATHER-005,TRUE,TRUE,fulfilled,"Customer 3","123 Market St","New York","10001","NY","US","Customer 3","123 Market St","New York","10001","NY","US",
#1004,customer5@example.com,paid,2026-08-24T11:28:58.578Z,fulfilled,2026-08-24T11:28:58.578Z,yes,USD,85.00,0.00,6.80,91.80,,0.00,Standard Shipping,2026-08-24T11:28:58.578Z,1,"Premium Hoodie",85.00,95.00,HOODIE-PREM-001,TRUE,TRUE,fulfilled,"Customer 4","123 Market St","New York","10001","NY","US","Customer 4","123 Market St","New York","10001","NY","US",
#1005,customer6@example.com,paid,2026-08-24T13:28:58.578Z,fulfilled,2026-08-24T13:28:58.578Z,yes,USD,36.00,0.00,2.88,38.88,,0.00,Standard Shipping,2026-08-24T13:28:58.578Z,2,"Running Socks",18.00,22.00,SOCK-RUN-006,TRUE,TRUE,fulfilled,"Customer 5","123 Market St","New York","10001","NY","US","Customer 5","123 Market St","New York","10001","NY","US",
#1006,customer7@example.com,paid,2026-08-24T15:28:58.578Z,fulfilled,2026-08-24T15:28:58.578Z,yes,USD,180.00,0.00,14.40,194.40,,0.00,Standard Shipping,2026-08-24T15:28:58.578Z,1,"Premium Hoodie",85.00,95.00,HOODIE-PREM-001,TRUE,TRUE,fulfilled,"Customer 6","123 Market St","New York","10001","NY","US","Customer 6","123 Market St","New York","10001","NY","US","Co-purchase order"
#1006,customer7@example.com,paid,2026-08-24T15:28:58.578Z,fulfilled,2026-08-24T15:28:58.578Z,yes,USD,180.00,0.00,14.40,194.40,,0.00,Standard Shipping,2026-08-24T15:28:58.578Z,1,"Denim Jacket",95.00,110.00,JACKET-DENIM-003,TRUE,TRUE,fulfilled,"Customer 6","123 Market St","New York","10001","NY","US","Customer 6","123 Market St","New York","10001","NY","US","Co-purchase order"
#1007,customer8@example.com,paid,2026-08-24T17:28:58.578Z,fulfilled,2026-08-24T17:28:58.578Z,yes,USD,120.00,0.00,9.60,129.60,,0.00,Standard Shipping,2026-08-24T17:28:58.578Z,1,"Running Shoes",120.00,140.00,SHOE-RUN-002,TRUE,TRUE,fulfilled,"Customer 7","123 Market St","New York","10001","NY","US","Customer 7","123 Market St","New York","10001","NY","US",
#1008,customer9@example.com,paid,2026-08-24T19:28:58.578Z,fulfilled,2026-08-24T19:28:58.578Z,yes,USD,85.00,0.00,6.80,91.80,,0.00,Standard Shipping,2026-08-24T19:28:58.578Z,1,"Premium Hoodie",85.00,95.00,HOODIE-PREM-001,TRUE,TRUE,fulfilled,"Customer 8","123 Market St","New York","10001","NY","US","Customer 8","123 Market St","New York","10001","NY","US",
#1009,customer10@example.com,paid,2026-08-24T21:28:58.578Z,fulfilled,2026-08-24T21:28:58.578Z,yes,USD,145.00,0.00,11.60,156.60,,0.00,Standard Shipping,2026-08-24T21:28:58.578Z,1,"Leather Backpack",145.00,165.00,BAG-LEATHER-005,TRUE,TRUE,fulfilled,"Customer 9","123 Market St","New York","10001","NY","US","Customer 9","123 Market St","New York","10001","NY","US",
#1010,customer11@example.com,paid,2026-08-24T23:28:58.578Z,fulfilled,2026-08-24T23:28:58.578Z,yes,USD,36.00,0.00,2.88,38.88,,0.00,Standard Shipping,2026-08-24T23:28:58.578Z,2,"Running Socks",18.00,22.00,SOCK-RUN-006,TRUE,TRUE,fulfilled,"Customer 10","123 Market St","New York","10001","NY","US","Customer 10","123 Market St","New York","10001","NY","US",
#1011,customer12@example.com,paid,2026-08-25T01:28:58.578Z,fulfilled,2026-08-25T01:28:58.578Z,yes,USD,28.00,0.00,2.24,30.24,,0.00,Standard Shipping,2026-08-25T01:28:58.578Z,1,"Cotton T-Shirt",28.00,32.00,TEE-COTTON-004,TRUE,TRUE,fulfilled,"Customer 11","123 Market St","New York","10001","NY","US","Customer 11","123 Market St","New York","10001","NY","US",
#1012,customer13@example.com,paid,2026-08-25T03:28:58.578Z,fulfilled,2026-08-25T03:28:58.578Z,yes,USD,180.00,0.00,14.40,194.40,,0.00,Standard Shipping,2026-08-25T03:28:58.578Z,1,"Premium Hoodie",85.00,95.00,HOODIE-PREM-001,TRUE,TRUE,fulfilled,"Customer 12","123 Market St","New York","10001","NY","US","Customer 12","123 Market St","New York","10001","NY","US","Co-purchase order"
#1012,customer13@example.com,paid,2026-08-25T03:28:58.578Z,fulfilled,2026-08-25T03:28:58.578Z,yes,USD,180.00,0.00,14.40,194.40,,0.00,Standard Shipping,2026-08-25T03:28:58.578Z,1,"Denim Jacket",95.00,110.00,JACKET-DENIM-003,TRUE,TRUE,fulfilled,"Customer 12","123 Market St","New York","10001","NY","US","Customer 12","123 Market St","New York","10001","NY","US","Co-purchase order"
#1013,customer14@example.com,paid,2026-08-25T05:28:58.578Z,fulfilled,2026-08-25T05:28:58.578Z,yes,USD,28.00,0.00,2.24,30.24,,0.00,Standard Shipping,2026-08-25T05:28:58.578Z,1,"Cotton T-Shirt",28.00,32.00,TEE-COTTON-004,TRUE,TRUE,fulfilled,"Customer 13","123 Market St","New York","10001","NY","US","Customer 13","123 Market St","New York","10001","NY","US",
#1014,customer15@example.com,paid,2026-08-25T07:28:58.578Z,fulfilled,2026-08-25T07:28:58.578Z,yes,USD,120.00,0.00,9.60,129.60,,0.00,Standard Shipping,2026-08-25T07:28:58.578Z,1,"Running Shoes",120.00,140.00,SHOE-RUN-002,TRUE,TRUE,fulfilled,"Customer 14","123 Market St","New York","10001","NY","US","Customer 14","123 Market St","New York","10001","NY","US",
#1015,customer16@example.com,paid,2026-08-25T09:28:58.578Z,fulfilled,2026-08-25T09:28:58.578Z,yes,USD,36.00,0.00,2.88,38.88,,0.00,Standard Shipping,2026-08-25T09:28:58.578Z,2,"Running Socks",18.00,22.00,SOCK-RUN-006,TRUE,TRUE,fulfilled,"Customer 15","123 Market St","New York","10001","NY","US","Customer 15","123 Market St","New York","10001","NY","US",
#1016,customer17@example.com,paid,2026-08-25T11:28:58.578Z,fulfilled,2026-08-25T11:28:58.578Z,yes,USD,85.00,0.00,6.80,91.80,,0.00,Standard Shipping,2026-08-25T11:28:58.578Z,1,"Premium Hoodie",85.00,95.00,HOODIE-PREM-001,TRUE,TRUE,fulfilled,"Customer 16","123 Market St","New York","10001","NY","US","Customer 16","123 Market St","New York","10001","NY","US",
#1017,customer18@example.com,paid,2026-08-25T13:28:58.578Z,fulfilled,2026-08-25T13:28:58.578Z,yes,USD,28.00,0.00,2.24,30.24,,0.00,Standard Shipping,2026-08-25T13:28:58.578Z,1,"Cotton T-Shirt",28.00,32.00,TEE-COTTON-004,TRUE,TRUE,fulfilled,"Customer 17","123 Market St","New York","10001","NY","US","Customer 17","123 Market St","New York","10001","NY","US",
#1018,customer19@example.com,paid,2026-08-25T15:28:58.578Z,fulfilled,2026-08-25T15:28:58.578Z,yes,USD,180.00,0.00,14.40,194.40,,0.00,Standard Shipping,2026-08-25T15:28:58.578Z,1,"Premium Hoodie",85.00,95.00,HOODIE-PREM-001,TRUE,TRUE,fulfilled,"Customer 18","123 Market St","New York","10001","NY","US","Customer 18","123 Market St","New York","10001","NY","US","Co-purchase order"
#1018,customer19@example.com,paid,2026-08-25T15:28:58.578Z,fulfilled,2026-08-25T15:28:58.578Z,yes,USD,180.00,0.00,14.40,194.40,,0.00,Standard Shipping,2026-08-25T15:28:58.578Z,1,"Denim Jacket",95.00,110.00,JACKET-DENIM-003,TRUE,TRUE,fulfilled,"Customer 18","123 Market St","New York","10001","NY","US","Customer 18","123 Market St","New York","10001","NY","US","Co-purchase order"
#1019,customer20@example.com,paid,2026-08-25T17:28:58.578Z,fulfilled,2026-08-25T17:28:58.578Z,yes,USD,28.00,0.00,2.24,30.24,,0.00,Standard Shipping,2026-08-25T17:28:58.578Z,1,"Cotton T-Shirt",28.00,32.00,TEE-COTTON-004,TRUE,TRUE,fulfilled,"Customer 19","123 Market St","New York","10001","NY","US","Customer 19","123 Market St","New York","10001","NY","US",
#1020,customer21@example.com,paid,2026-08-25T19:28:58.578Z,fulfilled,2026-08-25T19:28:58.578Z,yes,USD,36.00,0.00,2.88,38.88,,0.00,Standard Shipping,2026-08-25T19:28:58.578Z,2,"Running Socks",18.00,22.00,SOCK-RUN-006,TRUE,TRUE,fulfilled,"Customer 20","123 Market St","New York","10001","NY","US","Customer 20","123 Market St","New York","10001","NY","US",
#1021,customer22@example.com,paid,2026-08-25T21:28:58.578Z,fulfilled,2026-08-25T21:28:58.578Z,yes,USD,120.00,0.00,9.60,129.60,,0.00,Standard Shipping,2026-08-25T21:28:58.578Z,1,"Running Shoes",120.00,140.00,SHOE-RUN-002,TRUE,TRUE,fulfilled,"Customer 21","123 Market St","New York","10001","NY","US","Customer 21","123 Market St","New York","10001","NY","US",
#1022,customer23@example.com,paid,2026-08-25T23:28:58.578Z,fulfilled,2026-08-25T23:28:58.578Z,yes,USD,28.00,0.00,2.24,30.24,,0.00,Standard Shipping,2026-08-25T23:28:58.578Z,1,"Cotton T-Shirt",28.00,32.00,TEE-COTTON-004,TRUE,TRUE,fulfilled,"Customer 22","123 Market St","New York","10001","NY","US","Customer 22","123 Market St","New York","10001","NY","US",
#1023,customer24@example.com,paid,2026-08-26T01:28:58.578Z,fulfilled,2026-08-26T01:28:58.578Z,yes,USD,28.00,0.00,2.24,30.24,,0.00,Standard Shipping,2026-08-26T01:28:58.578Z,1,"Cotton T-Shirt",28.00,32.00,TEE-COTTON-004,TRUE,TRUE,fulfilled,"Customer 23","123 Market St","New York","10001","NY","US","Customer 23","123 Market St","New York","10001","NY","US",
#1024,customer25@example.com,paid,2026-08-26T03:28:58.578Z,fulfilled,2026-08-26T03:28:58.578Z,yes,USD,180.00,0.00,14.40,194.40,,0.00,Standard Shipping,2026-08-26T03:28:58.578Z,1,"Premium Hoodie",85.00,95.00,HOODIE-PREM-001,TRUE,TRUE,fulfilled,"Customer 24","123 Market St","New York","10001","NY","US","Customer 24","123 Market St","New York","10001","NY","US","Co-purchase order"
#1024,customer25@example.com,paid,2026-08-26T03:28:58.578Z,fulfilled,2026-08-26T03:28:58.578Z,yes,USD,180.00,0.00,14.40,194.40,,0.00,Standard Shipping,2026-08-26T03:28:58.578Z,1,"Denim Jacket",95.00,110.00,JACKET-DENIM-003,TRUE,TRUE,fulfilled,"Customer 24","123 Market St","New York","10001","NY","US","Customer 24","123 Market St","New York","10001","NY","US","Co-purchase order"
#1025,customer26@example.com,paid,2026-08-26T05:28:58.578Z,fulfilled,2026-08-26T05:28:58.578Z,yes,USD,36.00,0.00,2.88,38.88,,0.00,Standard Shipping,2026-08-26T05:28:58.578Z,2,"Running Socks",18.00,22.00,SOCK-RUN-006,TRUE,TRUE,fulfilled,"Customer 25","123 Market St","New York","10001","NY","US","Customer 25","123 Market St","New York","10001","NY","US",
#1026,customer27@example.com,paid,2026-08-26T07:28:58.578Z,fulfilled,2026-08-26T07:28:58.578Z,yes,USD,28.00,0.00,2.24,30.24,,0.00,Standard Shipping,2026-08-26T07:28:58.578Z,1,"Cotton T-Shirt",28.00,32.00,TEE-COTTON-004,TRUE,TRUE,fulfilled,"Customer 26","123 Market St","New York","10001","NY","US","Customer 26","123 Market St","New York","10001","NY","US",
#1027,customer28@example.com,paid,2026-08-26T09:28:58.578Z,fulfilled,2026-08-26T09:28:58.578Z,yes,USD,145.00,0.00,11.60,156.60,,0.00,Standard Shipping,2026-08-26T09:28:58.578Z,1,"Leather Backpack",145.00,165.00,BAG-LEATHER-005,TRUE,TRUE,fulfilled,"Customer 27","123 Market St","New York","10001","NY","US","Customer 27","123 Market St","New York","10001","NY","US",
#1028,customer29@example.com,paid,2026-08-26T11:28:58.578Z,fulfilled,2026-08-26T11:28:58.578Z,yes,USD,85.00,0.00,6.80,91.80,,0.00,Standard Shipping,2026-08-26T11:28:58.578Z,1,"Premium Hoodie",85.00,95.00,HOODIE-PREM-001,TRUE,TRUE,fulfilled,"Customer 28","123 Market St","New York","10001","NY","US","Customer 28","123 Market St","New York","10001","NY","US",
#1029,customer30@example.com,paid,2026-08-26T13:28:58.578Z,fulfilled,2026-08-26T13:28:58.578Z,yes,USD,28.00,0.00,2.24,30.24,,0.00,Standard Shipping,2026-08-26T13:28:58.578Z,1,"Cotton T-Shirt",28.00,32.00,TEE-COTTON-004,TRUE,TRUE,fulfilled,"Customer 29","123 Market St","New York","10001","NY","US","Customer 29","123 Market St","New York","10001","NY","US",
#1030,customer31@example.com,paid,2026-08-26T15:28:58.578Z,fulfilled,2026-08-26T15:28:58.578Z,yes,USD,180.00,0.00,14.40,194.40,,0.00,Standard Shipping,2026-08-26T15:28:58.578Z,1,"Premium Hoodie",85.00,95.00,HOODIE-PREM-001,TRUE,TRUE,fulfilled,"Customer 30","123 Market St","New York","10001","NY","US","Customer 30","123 Market St","New York","10001","NY","US","Co-purchase order"
#1030,customer31@example.com,paid,2026-08-26T15:28:58.578Z,fulfilled,2026-08-26T15:28:58.578Z,yes,USD,180.00,0.00,14.40,194.40,,0.00,Standard Shipping,2026-08-26T15:28:58.578Z,1,"Denim Jacket",95.00,110.00,JACKET-DENIM-003,TRUE,TRUE,fulfilled,"Customer 30","123 Market St","New York","10001","NY","US","Customer 30","123 Market St","New York","10001","NY","US","Co-purchase order"
#1031,customer32@example.com,paid,2026-08-26T17:28:58.578Z,fulfilled,2026-08-26T17:28:58.578Z,yes,USD,28.00,0.00,2.24,30.24,,0.00,Standard Shipping,2026-08-26T17:28:58.578Z,1,"Cotton T-Shirt",28.00,32.00,TEE-COTTON-004,TRUE,TRUE,fulfilled,"Customer 31","123 Market St","New York","10001","NY","US","Customer 31","123 Market St","New York","10001","NY","US",
#1032,customer33@example.com,paid,2026-08-26T19:28:58.578Z,fulfilled,2026-08-26T19:28:58.578Z,yes,USD,85.00,0.00,6.80,91.80,,0.00,Standard Shipping,2026-08-26T19:28:58.578Z,1,"Premium Hoodie",85.00,95.00,HOODIE-PREM-001,TRUE,TRUE,fulfilled,"Customer 32","123 Market St","New York","10001","NY","US","Customer 32","123 Market St","New York","10001","NY","US",
#1033,customer34@example.com,paid,2026-08-26T21:28:58.578Z,fulfilled,2026-08-26T21:28:58.578Z,yes,USD,145.00,0.00,11.60,156.60,,0.00,Standard Shipping,2026-08-26T21:28:58.578Z,1,"Leather Backpack",145.00,165.00,BAG-LEATHER-005,TRUE,TRUE,fulfilled,"Customer 33","123 Market St","New York","10001","NY","US","Customer 33","123 Market St","New York","10001","NY","US",
#1034,customer35@example.com,paid,2026-08-26T23:28:58.578Z,fulfilled,2026-08-26T23:28:58.578Z,yes,USD,28.00,0.00,2.24,30.24,,0.00,Standard Shipping,2026-08-26T23:28:58.578Z,1,"Cotton T-Shirt",28.00,32.00,TEE-COTTON-004,TRUE,TRUE,fulfilled,"Customer 34","123 Market St","New York","10001","NY","US","Customer 34","123 Market St","New York","10001","NY","US",
#1035,customer36@example.com,paid,2026-08-27T01:28:58.578Z,fulfilled,2026-08-27T01:28:58.578Z,yes,USD,36.00,0.00,2.88,38.88,,0.00,Standard Shipping,2026-08-27T01:28:58.578Z,2,"Running Socks",18.00,22.00,SOCK-RUN-006,TRUE,TRUE,fulfilled,"Customer 35","123 Market St","New York","10001","NY","US","Customer 35","123 Market St","New York","10001","NY","US",
#1036,customer37@example.com,paid,2026-08-27T03:28:58.578Z,fulfilled,2026-08-27T03:28:58.578Z,yes,USD,180.00,0.00,14.40,194.40,,0.00,Standard Shipping,2026-08-27T03:28:58.578Z,1,"Premium Hoodie",85.00,95.00,HOODIE-PREM-001,TRUE,TRUE,fulfilled,"Customer 36","123 Market St","New York","10001","NY","US","Customer 36","123 Market St","New York","10001","NY","US","Co-purchase order"
#1036,customer37@example.com,paid,2026-08-27T03:28:58.578Z,fulfilled,2026-08-27T03:28:58.578Z,yes,USD,180.00,0.00,14.40,194.40,,0.00,Standard Shipping,2026-08-27T03:28:58.578Z,1,"Denim Jacket",95.00,110.00,JACKET-DENIM-003,TRUE,TRUE,fulfilled,"Customer 36","123 Market St","New York","10001","NY","US","Customer 36","123 Market St","New York","10001","NY","US","Co-purchase order"
#1037,customer38@example.com,paid,2026-08-27T05:28:58.578Z,fulfilled,2026-08-27T05:28:58.578Z,yes,USD,28.00,0.00,2.24,30.24,,0.00,Standard Shipping,2026-08-27T05:28:58.578Z,1,"Cotton T-Shirt",28.00,32.00,TEE-COTTON-004,TRUE,TRUE,fulfilled,"Customer 37","123 Market St","New York","10001","NY","US","Customer 37","123 Market St","New York","10001","NY","US",
#1038,customer39@example.com,paid,2026-08-27T07:28:58.578Z,fulfilled,2026-08-27T07:28:58.578Z,yes,USD,28.00,0.00,2.24,30.24,,0.00,Standard Shipping,2026-08-27T07:28:58.578Z,1,"Cotton T-Shirt",28.00,32.00,TEE-COTTON-004,TRUE,TRUE,fulfilled,"Customer 38","123 Market St","New York","10001","NY","US","Customer 38","123 Market St","New York","10001","NY","US",
#1039,customer40@example.com,paid,2026-08-27T09:28:58.578Z,fulfilled,2026-08-27T09:28:58.578Z,yes,USD,145.00,0.00,11.60,156.60,,0.00,Standard Shipping,2026-08-27T09:28:58.578Z,1,"Leather Backpack",145.00,165.00,BAG-LEATHER-005,TRUE,TRUE,fulfilled,"Customer 39","123 Market St","New York","10001","NY","US","Customer 39","123 Market St","New York","10001","NY","US",
#1040,customer41@example.com,paid,2026-08-27T11:28:58.578Z,fulfilled,2026-08-27T11:28:58.578Z,yes,USD,36.00,0.00,2.88,38.88,,0.00,Standard Shipping,2026-08-27T11:28:58.578Z,2,"Running Socks",18.00,22.00,SOCK-RUN-006,TRUE,TRUE,fulfilled,"Customer 40","123 Market St","New York","10001","NY","US","Customer 40","123 Market St","New York","10001","NY","US",
#1041,customer42@example.com,paid,2026-08-27T13:28:58.578Z,fulfilled,2026-08-27T13:28:58.578Z,yes,USD,28.00,0.00,2.24,30.24,,0.00,Standard Shipping,2026-08-27T13:28:58.578Z,1,"Cotton T-Shirt",28.00,32.00,TEE-COTTON-004,TRUE,TRUE,fulfilled,"Customer 41","123 Market St","New York","10001","NY","US","Customer 41","123 Market St","New York","10001","NY","US",
#1042,customer43@example.com,paid,2026-08-27T15:28:58.578Z,fulfilled,2026-08-27T15:28:58.578Z,yes,USD,180.00,0.00,14.40,194.40,,0.00,Standard Shipping,2026-08-27T15:28:58.578Z,1,"Premium Hoodie",85.00,95.00,HOODIE-PREM-001,TRUE,TRUE,fulfilled,"Customer 42","123 Market St","New York","10001","NY","US","Customer 42","123 Market St","New York","10001","NY","US","Co-purchase order"
#1042,customer43@example.com,paid,2026-08-27T15:28:58.578Z,fulfilled,2026-08-27T15:28:58.578Z,yes,USD,180.00,0.00,14.40,194.40,,0.00,Standard Shipping,2026-08-27T15:28:58.578Z,1,"Denim Jacket",95.00,110.00,JACKET-DENIM-003,TRUE,TRUE,fulfilled,"Customer 42","123 Market St","New York","10001","NY","US","Customer 42","123 Market St","New York","10001","NY","US","Co-purchase order"
#1043,customer44@example.com,paid,2026-08-27T17:28:58.578Z,fulfilled,2026-08-27T17:28:58.578Z,yes,USD,28.00,0.00,2.24,30.24,,0.00,Standard Shipping,2026-08-27T17:28:58.578Z,1,"Cotton T-Shirt",28.00,32.00,TEE-COTTON-004,TRUE,TRUE,fulfilled,"Customer 43","123 Market St","New York","10001","NY","US","Customer 43","123 Market St","New York","10001","NY","US",
#1044,customer45@example.com,paid,2026-08-27T19:28:58.578Z,fulfilled,2026-08-27T19:28:58.578Z,yes,USD,85.00,0.00,6.80,91.80,,0.00,Standard Shipping,2026-08-27T19:28:58.578Z,1,"Premium Hoodie",85.00,95.00,HOODIE-PREM-001,TRUE,TRUE,fulfilled,"Customer 44","123 Market St","New York","10001","NY","US","Customer 44","123 Market St","New York","10001","NY","US",
#1045,customer46@example.com,paid,2026-08-27T21:28:58.578Z,fulfilled,2026-08-27T21:28:58.578Z,yes,USD,36.00,0.00,2.88,38.88,,0.00,Standard Shipping,2026-08-27T21:28:58.578Z,2,"Running Socks",18.00,22.00,SOCK-RUN-006,TRUE,TRUE,fulfilled,"Customer 45","123 Market St","New York","10001","NY","US","Customer 45","123 Market St","New York","10001","NY","US",
#1046,customer47@example.com,paid,2026-08-27T23:28:58.578Z,fulfilled,2026-08-27T23:28:58.578Z,yes,USD,28.00,0.00,2.24,30.24,,0.00,Standard Shipping,2026-08-27T23:28:58.578Z,1,"Cotton T-Shirt",28.00,32.00,TEE-COTTON-004,TRUE,TRUE,fulfilled,"Customer 46","123 Market St","New York","10001","NY","US","Customer 46","123 Market St","New York","10001","NY","US",
#1047,customer48@example.com,paid,2026-08-28T01:28:58.578Z,fulfilled,2026-08-28T01:28:58.578Z,yes,USD,28.00,0.00,2.24,30.24,,0.00,Standard Shipping,2026-08-28T01:28:58.578Z,1,"Cotton T-Shirt",28.00,32.00,TEE-COTTON-004,TRUE,TRUE,fulfilled,"Customer 47","123 Market St","New York","10001","NY","US","Customer 47","123 Market St","New York","10001","NY","US",
#1048,customer49@example.com,paid,2026-08-28T03:28:58.578Z,fulfilled,2026-08-28T03:28:58.578Z,yes,USD,180.00,0.00,14.40,194.40,,0.00,Standard Shipping,2026-08-28T03:28:58.578Z,1,"Premium Hoodie",85.00,95.00,HOODIE-PREM-001,TRUE,TRUE,fulfilled,"Customer 48","123 Market St","New York","10001","NY","US","Customer 48","123 Market St","New York","10001","NY","US","Co-purchase order"
#1048,customer49@example.com,paid,2026-08-28T03:28:58.578Z,fulfilled,2026-08-28T03:28:58.578Z,yes,USD,180.00,0.00,14.40,194.40,,0.00,Standard Shipping,2026-08-28T03:28:58.578Z,1,"Denim Jacket",95.00,110.00,JACKET-DENIM-003,TRUE,TRUE,fulfilled,"Customer 48","123 Market St","New York","10001","NY","US","Customer 48","123 Market St","New York","10001","NY","US","Co-purchase order"
#1049,customer50@example.com,paid,2026-08-28T05:28:58.578Z,fulfilled,2026-08-28T05:28:58.578Z,yes,USD,120.00,0.00,9.60,129.60,,0.00,Standard Shipping,2026-08-28T05:28:58.578Z,1,"Running Shoes",120.00,140.00,SHOE-RUN-002,TRUE,TRUE,fulfilled,"Customer 49","123 Market St","New York","10001","NY","US","Customer 49","123 Market St","New York","10001","NY","US",
#1050,customer51@example.com,paid,2026-08-28T07:28:58.578Z,fulfilled,2026-08-28T07:28:58.578Z,yes,USD,36.00,0.00,2.88,38.88,,0.00,Standard Shipping,2026-08-28T07:28:58.578Z,2,"Running Socks",18.00,22.00,SOCK-RUN-006,TRUE,TRUE,fulfilled,"Customer 50","123 Market St","New York","10001","NY","US","Customer 50","123 Market St","New York","10001","NY","US",
#1051,customer52@example.com,paid,2026-08-28T09:28:58.578Z,fulfilled,2026-08-28T09:28:58.578Z,yes,USD,145.00,0.00,11.60,156.60,,0.00,Standard Shipping,2026-08-28T09:28:58.578Z,1,"Leather Backpack",145.00,165.00,BAG-LEATHER-005,TRUE,TRUE,fulfilled,"Customer 51","123 Market St","New York","10001","NY","US","Customer 51","123 Market St","New York","10001","NY","US",
#1052,customer53@example.com,paid,2026-08-28T11:28:58.578Z,fulfilled,2026-08-28T11:28:58.578Z,yes,USD,85.00,0.00,6.80,91.80,,0.00,Standard Shipping,2026-08-28T11:28:58.578Z,1,"Premium Hoodie",85.00,95.00,HOODIE-PREM-001,TRUE,TRUE,fulfilled,"Customer 52","123 Market St","New York","10001","NY","US","Customer 52","123 Market St","New York","10001","NY","US",
#1053,customer54@example.com,paid,2026-08-28T13:28:58.578Z,fulfilled,2026-08-28T13:28:58.578Z,yes,USD,28.00,0.00,2.24,30.24,,0.00,Standard Shipping,2026-08-28T13:28:58.578Z,1,"Cotton T-Shirt",28.00,32.00,TEE-COTTON-004,TRUE,TRUE,fulfilled,"Customer 53","123 Market St","New York","10001","NY","US","Customer 53","123 Market St","New York","10001","NY","US",
#1054,customer55@example.com,paid,2026-08-28T15:28:58.578Z,fulfilled,2026-08-28T15:28:58.578Z,yes,USD,180.00,0.00,14.40,194.40,,0.00,Standard Shipping,2026-08-28T15:28:58.578Z,1,"Premium Hoodie",85.00,95.00,HOODIE-PREM-001,TRUE,TRUE,fulfilled,"Customer 54","123 Market St","New York","10001","NY","US","Customer 54","123 Market St","New York","10001","NY","US","Co-purchase order"
#1054,customer55@example.com,paid,2026-08-28T15:28:58.578Z,fulfilled,2026-08-28T15:28:58.578Z,yes,USD,180.00,0.00,14.40,194.40,,0.00,Standard Shipping,2026-08-28T15:28:58.578Z,1,"Denim Jacket",95.00,110.00,JACKET-DENIM-003,TRUE,TRUE,fulfilled,"Customer 54","123 Market St","New York","10001","NY","US","Customer 54","123 Market St","New York","10001","NY","US","Co-purchase order"
#1055,customer56@example.com,paid,2026-08-28T17:28:58.578Z,fulfilled,2026-08-28T17:28:58.578Z,yes,USD,36.00,0.00,2.88,38.88,,0.00,Standard Shipping,2026-08-28T17:28:58.578Z,2,"Running Socks",18.00,22.00,SOCK-RUN-006,TRUE,TRUE,fulfilled,"Customer 55","123 Market St","New York","10001","NY","US","Customer 55","123 Market St","New York","10001","NY","US",
#1056,customer57@example.com,paid,2026-08-28T19:28:58.578Z,fulfilled,2026-08-28T19:28:58.578Z,yes,USD,85.00,0.00,6.80,91.80,,0.00,Standard Shipping,2026-08-28T19:28:58.578Z,1,"Premium Hoodie",85.00,95.00,HOODIE-PREM-001,TRUE,TRUE,fulfilled,"Customer 56","123 Market St","New York","10001","NY","US","Customer 56","123 Market St","New York","10001","NY","US",
#1057,customer58@example.com,paid,2026-08-28T21:28:58.578Z,fulfilled,2026-08-28T21:28:58.578Z,yes,USD,145.00,0.00,11.60,156.60,,0.00,Standard Shipping,2026-08-28T21:28:58.578Z,1,"Leather Backpack",145.00,165.00,BAG-LEATHER-005,TRUE,TRUE,fulfilled,"Customer 57","123 Market St","New York","10001","NY","US","Customer 57","123 Market St","New York","10001","NY","US",
#1058,customer59@example.com,paid,2026-08-28T23:28:58.578Z,fulfilled,2026-08-28T23:28:58.578Z,yes,USD,28.00,0.00,2.24,30.24,,0.00,Standard Shipping,2026-08-28T23:28:58.578Z,1,"Cotton T-Shirt",28.00,32.00,TEE-COTTON-004,TRUE,TRUE,fulfilled,"Customer 58","123 Market St","New York","10001","NY","US","Customer 58","123 Market St","New York","10001","NY","US",
#1059,customer60@example.com,paid,2026-08-29T01:28:58.578Z,fulfilled,2026-08-29T01:28:58.578Z,yes,USD,28.00,0.00,2.24,30.24,,0.00,Standard Shipping,2026-08-29T01:28:58.578Z,1,"Cotton T-Shirt",28.00,32.00,TEE-COTTON-004,TRUE,TRUE,fulfilled,"Customer 59","123 Market St","New York","10001","NY","US","Customer 59","123 Market St","New York","10001","NY","US",
#1060,customer1@example.com,paid,2026-08-29T03:28:58.578Z,fulfilled,2026-08-29T03:28:58.578Z,yes,USD,180.00,0.00,14.40,194.40,,0.00,Standard Shipping,2026-08-29T03:28:58.578Z,1,"Premium Hoodie",85.00,95.00,HOODIE-PREM-001,TRUE,TRUE,fulfilled,"Customer 60","123 Market St","New York","10001","NY","US","Customer 60","123 Market St","New York","10001","NY","US","Co-purchase order"
#1060,customer1@example.com,paid,2026-08-29T03:28:58.578Z,fulfilled,2026-08-29T03:28:58.578Z,yes,USD,180.00,0.00,14.40,194.40,,0.00,Standard Shipping,2026-08-29T03:28:58.578Z,1,"Denim Jacket",95.00,110.00,JACKET-DENIM-003,TRUE,TRUE,fulfilled,"Customer 60","123 Market St","New York","10001","NY","US","Customer 60","123 Market St","New York","10001","NY","US","Co-purchase order"
#1061,customer2@example.com,paid,2026-08-29T05:28:58.578Z,fulfilled,2026-08-29T05:28:58.578Z,yes,USD,28.00,0.00,2.24,30.24,,0.00,Standard Shipping,2026-08-29T05:28:58.578Z,1,"Cotton T-Shirt",28.00,32.00,TEE-COTTON-004,TRUE,TRUE,fulfilled,"Customer 61","123 Market St","New York","10001","NY","US","Customer 61","123 Market St","New York","10001","NY","US",
#1062,customer3@example.com,paid,2026-08-29T07:28:58.578Z,fulfilled,2026-08-29T07:28:58.578Z,yes,USD,28.00,0.00,2.24,30.24,,0.00,Standard Shipping,2026-08-29T07:28:58.578Z,1,"Cotton T-Shirt",28.00,32.00,TEE-COTTON-004,TRUE,TRUE,fulfilled,"Customer 62","123 Market St","New York","10001","NY","US","Customer 62","123 Market St","New York","10001","NY","US",
#1063,customer4@example.com,paid,2026-08-29T09:28:58.578Z,fulfilled,2026-08-29T09:28:58.578Z,yes,USD,120.00,0.00,9.60,129.60,,0.00,Standard Shipping,2026-08-29T09:28:58.578Z,1,"Running Shoes",120.00,140.00,SHOE-RUN-002,TRUE,TRUE,fulfilled,"Customer 63","123 Market St","New York","10001","NY","US","Customer 63","123 Market St","New York","10001","NY","US",
#1064,customer5@example.com,paid,2026-08-29T11:28:58.578Z,fulfilled,2026-08-29T11:28:58.578Z,yes,USD,85.00,0.00,6.80,91.80,,0.00,Standard Shipping,2026-08-29T11:28:58.578Z,1,"Premium Hoodie",85.00,95.00,HOODIE-PREM-001,TRUE,TRUE,fulfilled,"Customer 64","123 Market St","New York","10001","NY","US","Customer 64","123 Market St","New York","10001","NY","US",
#1065,customer6@example.com,paid,2026-08-29T13:28:58.578Z,fulfilled,2026-08-29T13:28:58.578Z,yes,USD,36.00,0.00,2.88,38.88,,0.00,Standard Shipping,2026-08-29T13:28:58.578Z,2,"Running Socks",18.00,22.00,SOCK-RUN-006,TRUE,TRUE,fulfilled,"Customer 65","123 Market St","New York","10001","NY","US","Customer 65","123 Market St","New York","10001","NY","US",
#1066,customer7@example.com,paid,2026-08-29T15:28:58.578Z,fulfilled,2026-08-29T15:28:58.578Z,yes,USD,180.00,0.00,14.40,194.40,,0.00,Standard Shipping,2026-08-29T15:28:58.578Z,1,"Premium Hoodie",85.00,95.00,HOODIE-PREM-001,TRUE,TRUE,fulfilled,"Customer 66","123 Market St","New York","10001","NY","US","Customer 66","123 Market St","New York","10001","NY","US","Co-purchase order"
#1066,customer7@example.com,paid,2026-08-29T15:28:58.578Z,fulfilled,2026-08-29T15:28:58.578Z,yes,USD,180.00,0.00,14.40,194.40,,0.00,Standard Shipping,2026-08-29T15:28:58.578Z,1,"Denim Jacket",95.00,110.00,JACKET-DENIM-003,TRUE,TRUE,fulfilled,"Customer 66","123 Market St","New York","10001","NY","US","Customer 66","123 Market St","New York","10001","NY","US","Co-purchase order"
#1067,customer8@example.com,paid,2026-08-29T17:28:58.578Z,fulfilled,2026-08-29T17:28:58.578Z,yes,USD,28.00,0.00,2.24,30.24,,0.00,Standard Shipping,2026-08-29T17:28:58.578Z,1,"Cotton T-Shirt",28.00,32.00,TEE-COTTON-004,TRUE,TRUE,fulfilled,"Customer 67","123 Market St","New York","10001","NY","US","Customer 67","123 Market St","New York","10001","NY","US",
#1068,customer9@example.com,paid,2026-08-29T19:28:58.578Z,fulfilled,2026-08-29T19:28:58.578Z,yes,USD,85.00,0.00,6.80,91.80,,0.00,Standard Shipping,2026-08-29T19:28:58.578Z,1,"Premium Hoodie",85.00,95.00,HOODIE-PREM-001,TRUE,TRUE,fulfilled,"Customer 68","123 Market St","New York","10001","NY","US","Customer 68","123 Market St","New York","10001","NY","US",
#1069,customer10@example.com,paid,2026-08-29T21:28:58.578Z,fulfilled,2026-08-29T21:28:58.578Z,yes,USD,145.00,0.00,11.60,156.60,,0.00,Standard Shipping,2026-08-29T21:28:58.578Z,1,"Leather Backpack",145.00,165.00,BAG-LEATHER-005,TRUE,TRUE,fulfilled,"Customer 69","123 Market St","New York","10001","NY","US","Customer 69","123 Market St","New York","10001","NY","US",
#1070,customer11@example.com,paid,2026-08-29T23:28:58.578Z,fulfilled,2026-08-29T23:28:58.578Z,yes,USD,36.00,0.00,2.88,38.88,,0.00,Standard Shipping,2026-08-29T23:28:58.578Z,2,"Running Socks",18.00,22.00,SOCK-RUN-006,TRUE,TRUE,fulfilled,"Customer 70","123 Market St","New York","10001","NY","US","Customer 70","123 Market St","New York","10001","NY","US",
#1071,customer12@example.com,paid,2026-08-30T01:28:58.578Z,fulfilled,2026-08-30T01:28:58.578Z,yes,USD,28.00,0.00,2.24,30.24,,0.00,Standard Shipping,2026-08-30T01:28:58.578Z,1,"Cotton T-Shirt",28.00,32.00,TEE-COTTON-004,TRUE,TRUE,fulfilled,"Customer 71","123 Market St","New York","10001","NY","US","Customer 71","123 Market St","New York","10001","NY","US",
#1072,customer13@example.com,paid,2026-08-30T03:28:58.578Z,fulfilled,2026-08-30T03:28:58.578Z,yes,USD,180.00,0.00,14.40,194.40,,0.00,Standard Shipping,2026-08-30T03:28:58.578Z,1,"Premium Hoodie",85.00,95.00,HOODIE-PREM-001,TRUE,TRUE,fulfilled,"Customer 72","123 Market St","New York","10001","NY","US","Customer 72","123 Market St","New York","10001","NY","US","Co-purchase order"
#1072,customer13@example.com,paid,2026-08-30T03:28:58.578Z,fulfilled,2026-08-30T03:28:58.578Z,yes,USD,180.00,0.00,14.40,194.40,,0.00,Standard Shipping,2026-08-30T03:28:58.578Z,1,"Denim Jacket",95.00,110.00,JACKET-DENIM-003,TRUE,TRUE,fulfilled,"Customer 72","123 Market St","New York","10001","NY","US","Customer 72","123 Market St","New York","10001","NY","US","Co-purchase order"
#1073,customer14@example.com,paid,2026-08-30T05:28:58.578Z,fulfilled,2026-08-30T05:28:58.578Z,yes,USD,28.00,0.00,2.24,30.24,,0.00,Standard Shipping,2026-08-30T05:28:58.578Z,1,"Cotton T-Shirt",28.00,32.00,TEE-COTTON-004,TRUE,TRUE,fulfilled,"Customer 73","123 Market St","New York","10001","NY","US","Customer 73","123 Market St","New York","10001","NY","US",
#1074,customer15@example.com,paid,2026-08-30T07:28:58.578Z,fulfilled,2026-08-30T07:28:58.578Z,yes,USD,28.00,0.00,2.24,30.24,,0.00,Standard Shipping,2026-08-30T07:28:58.578Z,1,"Cotton T-Shirt",28.00,32.00,TEE-COTTON-004,TRUE,TRUE,fulfilled,"Customer 74","123 Market St","New York","10001","NY","US","Customer 74","123 Market St","New York","10001","NY","US",
#1075,customer16@example.com,paid,2026-08-30T09:28:58.578Z,fulfilled,2026-08-30T09:28:58.578Z,yes,USD,36.00,0.00,2.88,38.88,,0.00,Standard Shipping,2026-08-30T09:28:58.578Z,2,"Running Socks",18.00,22.00,SOCK-RUN-006,TRUE,TRUE,fulfilled,"Customer 75","123 Market St","New York","10001","NY","US","Customer 75","123 Market St","New York","10001","NY","US",
#1076,customer17@example.com,paid,2026-08-30T11:28:58.578Z,fulfilled,2026-08-30T11:28:58.578Z,yes,USD,85.00,0.00,6.80,91.80,,0.00,Standard Shipping,2026-08-30T11:28:58.578Z,1,"Premium Hoodie",85.00,95.00,HOODIE-PREM-001,TRUE,TRUE,fulfilled,"Customer 76","123 Market St","New York","10001","NY","US","Customer 76","123 Market St","New York","10001","NY","US",
#1077,customer18@example.com,paid,2026-08-30T13:28:58.578Z,fulfilled,2026-08-30T13:28:58.578Z,yes,USD,120.00,0.00,9.60,129.60,,0.00,Standard Shipping,2026-08-30T13:28:58.578Z,1,"Running Shoes",120.00,140.00,SHOE-RUN-002,TRUE,TRUE,fulfilled,"Customer 77","123 Market St","New York","10001","NY","US","Customer 77","123 Market St","New York","10001","NY","US",
#1078,customer19@example.com,paid,2026-08-30T15:28:58.578Z,fulfilled,2026-08-30T15:28:58.578Z,yes,USD,180.00,0.00,14.40,194.40,,0.00,Standard Shipping,2026-08-30T15:28:58.578Z,1,"Premium Hoodie",85.00,95.00,HOODIE-PREM-001,TRUE,TRUE,fulfilled,"Customer 78","123 Market St","New York","10001","NY","US","Customer 78","123 Market St","New York","10001","NY","US","Co-purchase order"
#1078,customer19@example.com,paid,2026-08-30T15:28:58.578Z,fulfilled,2026-08-30T15:28:58.578Z,yes,USD,180.00,0.00,14.40,194.40,,0.00,Standard Shipping,2026-08-30T15:28:58.578Z,1,"Denim Jacket",95.00,110.00,JACKET-DENIM-003,TRUE,TRUE,fulfilled,"Customer 78","123 Market St","New York","10001","NY","US","Customer 78","123 Market St","New York","10001","NY","US","Co-purchase order"
#1079,customer20@example.com,paid,2026-08-30T17:28:58.578Z,fulfilled,2026-08-30T17:28:58.578Z,yes,USD,28.00,0.00,2.24,30.24,,0.00,Standard Shipping,2026-08-30T17:28:58.578Z,1,"Cotton T-Shirt",28.00,32.00,TEE-COTTON-004,TRUE,TRUE,fulfilled,"Customer 79","123 Market St","New York","10001","NY","US","Customer 79","123 Market St","New York","10001","NY","US",
#1080,customer21@example.com,paid,2026-08-30T19:28:58.578Z,fulfilled,2026-08-30T19:28:58.578Z,yes,USD,36.00,0.00,2.88,38.88,,0.00,Standard Shipping,2026-08-30T19:28:58.578Z,2,"Running Socks",18.00,22.00,SOCK-RUN-006,TRUE,TRUE,fulfilled,"Customer 80","123 Market St","New York","10001","NY","US","Customer 80","123 Market St","New York","10001","NY","US",
#1081,customer22@example.com,paid,2026-08-30T21:28:58.578Z,fulfilled,2026-08-30T21:28:58.578Z,yes,USD,145.00,0.00,11.60,156.60,,0.00,Standard Shipping,2026-08-30T21:28:58.578Z,1,"Leather Backpack",145.00,165.00,BAG-LEATHER-005,TRUE,TRUE,fulfilled,"Customer 81","123 Market St","New York","10001","NY","US","Customer 81","123 Market St","New York","10001","NY","US",
#1082,customer23@example.com,paid,2026-08-30T23:28:58.578Z,fulfilled,2026-08-30T23:28:58.578Z,yes,USD,28.00,0.00,2.24,30.24,,0.00,Standard Shipping,2026-08-30T23:28:58.578Z,1,"Cotton T-Shirt",28.00,32.00,TEE-COTTON-004,TRUE,TRUE,fulfilled,"Customer 82","123 Market St","New York","10001","NY","US","Customer 82","123 Market St","New York","10001","NY","US",
#1083,customer24@example.com,paid,2026-08-31T01:28:58.578Z,fulfilled,2026-08-31T01:28:58.578Z,yes,USD,28.00,0.00,2.24,30.24,,0.00,Standard Shipping,2026-08-31T01:28:58.578Z,1,"Cotton T-Shirt",28.00,32.00,TEE-COTTON-004,TRUE,TRUE,fulfilled,"Customer 83","123 Market St","New York","10001","NY","US","Customer 83","123 Market St","New York","10001","NY","US",
#1084,customer25@example.com,paid,2026-08-31T03:28:58.578Z,fulfilled,2026-08-31T03:28:58.578Z,yes,USD,180.00,0.00,14.40,194.40,,0.00,Standard Shipping,2026-08-31T03:28:58.578Z,1,"Premium Hoodie",85.00,95.00,HOODIE-PREM-001,TRUE,TRUE,fulfilled,"Customer 84","123 Market St","New York","10001","NY","US","Customer 84","123 Market St","New York","10001","NY","US","Co-purchase order"
#1084,customer25@example.com,paid,2026-08-31T03:28:58.578Z,fulfilled,2026-08-31T03:28:58.578Z,yes,USD,180.00,0.00,14.40,194.40,,0.00,Standard Shipping,2026-08-31T03:28:58.578Z,1,"Denim Jacket",95.00,110.00,JACKET-DENIM-003,TRUE,TRUE,fulfilled,"Customer 84","123 Market St","New York","10001","NY","US","Customer 84","123 Market St","New York","10001","NY","US","Co-purchase order"
#1085,customer26@example.com,paid,2026-08-31T05:28:58.578Z,fulfilled,2026-08-31T05:28:58.578Z,yes,USD,36.00,0.00,2.88,38.88,,0.00,Standard Shipping,2026-08-31T05:28:58.578Z,2,"Running Socks",18.00,22.00,SOCK-RUN-006,TRUE,TRUE,fulfilled,"Customer 85","123 Market St","New York","10001","NY","US","Customer 85","123 Market St","New York","10001","NY","US",
#1086,customer27@example.com,paid,2026-08-31T07:28:58.578Z,fulfilled,2026-08-31T07:28:58.578Z,yes,USD,28.00,0.00,2.24,30.24,,0.00,Standard Shipping,2026-08-31T07:28:58.578Z,1,"Cotton T-Shirt",28.00,32.00,TEE-COTTON-004,TRUE,TRUE,fulfilled,"Customer 86","123 Market St","New York","10001","NY","US","Customer 86","123 Market St","New York","10001","NY","US",
#1087,customer28@example.com,paid,2026-08-31T09:28:58.578Z,fulfilled,2026-08-31T09:28:58.578Z,yes,USD,145.00,0.00,11.60,156.60,,0.00,Standard Shipping,2026-08-31T09:28:58.578Z,1,"Leather Backpack",145.00,165.00,BAG-LEATHER-005,TRUE,TRUE,fulfilled,"Customer 87","123 Market St","New York","10001","NY","US","Customer 87","123 Market St","New York","10001","NY","US",
#1088,customer29@example.com,paid,2026-08-31T11:28:58.578Z,fulfilled,2026-08-31T11:28:58.578Z,yes,USD,85.00,0.00,6.80,91.80,,0.00,Standard Shipping,2026-08-31T11:28:58.578Z,1,"Premium Hoodie",85.00,95.00,HOODIE-PREM-001,TRUE,TRUE,fulfilled,"Customer 88","123 Market St","New York","10001","NY","US","Customer 88","123 Market St","New York","10001","NY","US",
#1089,customer30@example.com,paid,2026-08-31T13:28:58.578Z,fulfilled,2026-08-31T13:28:58.578Z,yes,USD,28.00,0.00,2.24,30.24,,0.00,Standard Shipping,2026-08-31T13:28:58.578Z,1,"Cotton T-Shirt",28.00,32.00,TEE-COTTON-004,TRUE,TRUE,fulfilled,"Customer 89","123 Market St","New York","10001","NY","US","Customer 89","123 Market St","New York","10001","NY","US",
#1090,customer31@example.com,paid,2026-08-31T15:28:58.578Z,fulfilled,2026-08-31T15:28:58.578Z,yes,USD,180.00,0.00,14.40,194.40,,0.00,Standard Shipping,2026-08-31T15:28:58.578Z,1,"Premium Hoodie",85.00,95.00,HOODIE-PREM-001,TRUE,TRUE,fulfilled,"Customer 90","123 Market St","New York","10001","NY","US","Customer 90","123 Market St","New York","10001","NY","US","Co-purchase order"
#1090,customer31@example.com,paid,2026-08-31T15:28:58.578Z,fulfilled,2026-08-31T15:28:58.578Z,yes,USD,180.00,0.00,14.40,194.40,,0.00,Standard Shipping,2026-08-31T15:28:58.578Z,1,"Denim Jacket",95.00,110.00,JACKET-DENIM-003,TRUE,TRUE,fulfilled,"Customer 90","123 Market St","New York","10001","NY","US","Customer 90","123 Market St","New York","10001","NY","US","Co-purchase order"
#1091,customer32@example.com,paid,2026-08-31T17:28:58.578Z,fulfilled,2026-08-31T17:28:58.578Z,yes,USD,120.00,0.00,9.60,129.60,,0.00,Standard Shipping,2026-08-31T17:28:58.578Z,1,"Running Shoes",120.00,140.00,SHOE-RUN-002,TRUE,TRUE,fulfilled,"Customer 91","123 Market St","New York","10001","NY","US","Customer 91","123 Market St","New York","10001","NY","US",
#1092,customer33@example.com,paid,2026-08-31T19:28:58.578Z,fulfilled,2026-08-31T19:28:58.578Z,yes,USD,85.00,0.00,6.80,91.80,,0.00,Standard Shipping,2026-08-31T19:28:58.578Z,1,"Premium Hoodie",85.00,95.00,HOODIE-PREM-001,TRUE,TRUE,fulfilled,"Customer 92","123 Market St","New York","10001","NY","US","Customer 92","123 Market St","New York","10001","NY","US",
#1093,customer34@example.com,paid,2026-08-31T21:28:58.578Z,fulfilled,2026-08-31T21:28:58.578Z,yes,USD,145.00,0.00,11.60,156.60,,0.00,Standard Shipping,2026-08-31T21:28:58.578Z,1,"Leather Backpack",145.00,165.00,BAG-LEATHER-005,TRUE,TRUE,fulfilled,"Customer 93","123 Market St","New York","10001","NY","US","Customer 93","123 Market St","New York","10001","NY","US",
#1094,customer35@example.com,paid,2026-08-31T23:28:58.578Z,fulfilled,2026-08-31T23:28:58.578Z,yes,USD,28.00,0.00,2.24,30.24,,0.00,Standard Shipping,2026-08-31T23:28:58.578Z,1,"Cotton T-Shirt",28.00,32.00,TEE-COTTON-004,TRUE,TRUE,fulfilled,"Customer 94","123 Market St","New York","10001","NY","US","Customer 94","123 Market St","New York","10001","NY","US",
#1095,customer36@example.com,paid,2026-09-01T01:28:58.578Z,fulfilled,2026-09-01T01:28:58.578Z,yes,USD,36.00,0.00,2.88,38.88,,0.00,Standard Shipping,2026-09-01T01:28:58.578Z,2,"Running Socks",18.00,22.00,SOCK-RUN-006,TRUE,TRUE,fulfilled,"Customer 95","123 Market St","New York","10001","NY","US","Customer 95","123 Market St","New York","10001","NY","US",
#1096,customer37@example.com,paid,2026-09-01T03:28:58.578Z,fulfilled,2026-09-01T03:28:58.578Z,yes,USD,180.00,0.00,14.40,194.40,,0.00,Standard Shipping,2026-09-01T03:28:58.578Z,1,"Premium Hoodie",85.00,95.00,HOODIE-PREM-001,TRUE,TRUE,fulfilled,"Customer 96","123 Market St","New York","10001","NY","US","Customer 96","123 Market St","New York","10001","NY","US","Co-purchase order"
#1096,customer37@example.com,paid,2026-09-01T03:28:58.578Z,fulfilled,2026-09-01T03:28:58.578Z,yes,USD,180.00,0.00,14.40,194.40,,0.00,Standard Shipping,2026-09-01T03:28:58.578Z,1,"Denim Jacket",95.00,110.00,JACKET-DENIM-003,TRUE,TRUE,fulfilled,"Customer 96","123 Market St","New York","10001","NY","US","Customer 96","123 Market St","New York","10001","NY","US","Co-purchase order"
#1097,customer38@example.com,paid,2026-09-01T05:28:58.578Z,fulfilled,2026-09-01T05:28:58.578Z,yes,USD,28.00,0.00,2.24,30.24,,0.00,Standard Shipping,2026-09-01T05:28:58.578Z,1,"Cotton T-Shirt",28.00,32.00,TEE-COTTON-004,TRUE,TRUE,fulfilled,"Customer 97","123 Market St","New York","10001","NY","US","Customer 97","123 Market St","New York","10001","NY","US",
#1098,customer39@example.com,paid,2026-09-01T07:28:58.578Z,fulfilled,2026-09-01T07:28:58.578Z,yes,USD,120.00,0.00,9.60,129.60,,0.00,Standard Shipping,2026-09-01T07:28:58.578Z,1,"Running Shoes",120.00,140.00,SHOE-RUN-002,TRUE,TRUE,fulfilled,"Customer 98","123 Market St","New York","10001","NY","US","Customer 98","123 Market St","New York","10001","NY","US",
#1099,customer40@example.com,paid,2026-09-01T09:28:58.578Z,fulfilled,2026-09-01T09:28:58.578Z,yes,USD,145.00,0.00,11.60,156.60,,0.00,Standard Shipping,2026-09-01T09:28:58.578Z,1,"Leather Backpack",145.00,165.00,BAG-LEATHER-005,TRUE,TRUE,fulfilled,"Customer 99","123 Market St","New York","10001","NY","US","Customer 99","123 Market St","New York","10001","NY","US",
#1100,customer41@example.com,paid,2026-09-01T11:28:58.578Z,fulfilled,2026-09-01T11:28:58.578Z,yes,USD,36.00,0.00,2.88,38.88,,0.00,Standard Shipping,2026-09-01T11:28:58.578Z,2,"Running Socks",18.00,22.00,SOCK-RUN-006,TRUE,TRUE,fulfilled,"Customer 100","123 Market St","New York","10001","NY","US","Customer 100","123 Market St","New York","10001","NY","US",
#1101,customer42@example.com,paid,2026-09-01T13:28:58.578Z,fulfilled,2026-09-01T13:28:58.578Z,yes,USD,28.00,0.00,2.24,30.24,,0.00,Standard Shipping,2026-09-01T13:28:58.578Z,1,"Cotton T-Shirt",28.00,32.00,TEE-COTTON-004,TRUE,TRUE,fulfilled,"Customer 101","123 Market St","New York","10001","NY","US","Customer 101","123 Market St","New York","10001","NY","US",
#1102,customer43@example.com,paid,2026-09-01T15:28:58.578Z,fulfilled,2026-09-01T15:28:58.578Z,yes,USD,180.00,0.00,14.40,194.40,,0.00,Standard Shipping,2026-09-01T15:28:58.578Z,1,"Premium Hoodie",85.00,95.00,HOODIE-PREM-001,TRUE,TRUE,fulfilled,"Customer 102","123 Market St","New York","10001","NY","US","Customer 102","123 Market St","New York","10001","NY","US","Co-purchase order"
#1102,customer43@example.com,paid,2026-09-01T15:28:58.578Z,fulfilled,2026-09-01T15:28:58.578Z,yes,USD,180.00,0.00,14.40,194.40,,0.00,Standard Shipping,2026-09-01T15:28:58.578Z,1,"Denim Jacket",95.00,110.00,JACKET-DENIM-003,TRUE,TRUE,fulfilled,"Customer 102","123 Market St","New York","10001","NY","US","Customer 102","123 Market St","New York","10001","NY","US","Co-purchase order"
#1103,customer44@example.com,paid,2026-09-01T17:28:58.578Z,fulfilled,2026-09-01T17:28:58.578Z,yes,USD,28.00,0.00,2.24,30.24,,0.00,Standard Shipping,2026-09-01T17:28:58.578Z,1,"Cotton T-Shirt",28.00,32.00,TEE-COTTON-004,TRUE,TRUE,fulfilled,"Customer 103","123 Market St","New York","10001","NY","US","Customer 103","123 Market St","New York","10001","NY","US",
#1104,customer45@example.com,paid,2026-09-01T19:28:58.578Z,fulfilled,2026-09-01T19:28:58.578Z,yes,USD,85.00,0.00,6.80,91.80,,0.00,Standard Shipping,2026-09-01T19:28:58.578Z,1,"Premium Hoodie",85.00,95.00,HOODIE-PREM-001,TRUE,TRUE,fulfilled,"Customer 104","123 Market St","New York","10001","NY","US","Customer 104","123 Market St","New York","10001","NY","US",
#1105,customer46@example.com,paid,2026-09-01T21:28:58.578Z,fulfilled,2026-09-01T21:28:58.578Z,yes,USD,36.00,0.00,2.88,38.88,,0.00,Standard Shipping,2026-09-01T21:28:58.578Z,2,"Running Socks",18.00,22.00,SOCK-RUN-006,TRUE,TRUE,fulfilled,"Customer 105","123 Market St","New York","10001","NY","US","Customer 105","123 Market St","New York","10001","NY","US",
#1106,customer47@example.com,paid,2026-09-01T23:28:58.578Z,fulfilled,2026-09-01T23:28:58.578Z,yes,USD,28.00,0.00,2.24,30.24,,0.00,Standard Shipping,2026-09-01T23:28:58.578Z,1,"Cotton T-Shirt",28.00,32.00,TEE-COTTON-004,TRUE,TRUE,fulfilled,"Customer 106","123 Market St","New York","10001","NY","US","Customer 106","123 Market St","New York","10001","NY","US",
#1107,customer48@example.com,paid,2026-09-02T01:28:58.578Z,fulfilled,2026-09-02T01:28:58.578Z,yes,USD,28.00,0.00,2.24,30.24,,0.00,Standard Shipping,2026-09-02T01:28:58.578Z,1,"Cotton T-Shirt",28.00,32.00,TEE-COTTON-004,TRUE,TRUE,fulfilled,"Customer 107","123 Market St","New York","10001","NY","US","Customer 107","123 Market St","New York","10001","NY","US",
#1108,customer49@example.com,paid,2026-09-02T03:28:58.578Z,fulfilled,2026-09-02T03:28:58.578Z,yes,USD,180.00,0.00,14.40,194.40,,0.00,Standard Shipping,2026-09-02T03:28:58.578Z,1,"Premium Hoodie",85.00,95.00,HOODIE-PREM-001,TRUE,TRUE,fulfilled,"Customer 108","123 Market St","New York","10001","NY","US","Customer 108","123 Market St","New York","10001","NY","US","Co-purchase order"
#1108,customer49@example.com,paid,2026-09-02T03:28:58.578Z,fulfilled,2026-09-02T03:28:58.578Z,yes,USD,180.00,0.00,14.40,194.40,,0.00,Standard Shipping,2026-09-02T03:28:58.578Z,1,"Denim Jacket",95.00,110.00,JACKET-DENIM-003,TRUE,TRUE,fulfilled,"Customer 108","123 Market St","New York","10001","NY","US","Customer 108","123 Market St","New York","10001","NY","US","Co-purchase order"
#1109,customer50@example.com,paid,2026-09-02T05:28:58.578Z,fulfilled,2026-09-02T05:28:58.578Z,yes,USD,28.00,0.00,2.24,30.24,,0.00,Standard Shipping,2026-09-02T05:28:58.578Z,1,"Cotton T-Shirt",28.00,32.00,TEE-COTTON-004,TRUE,TRUE,fulfilled,"Customer 109","123 Market St","New York","10001","NY","US","Customer 109","123 Market St","New York","10001","NY","US",
#1110,customer51@example.com,paid,2026-09-02T07:28:58.578Z,fulfilled,2026-09-02T07:28:58.578Z,yes,USD,36.00,0.00,2.88,38.88,,0.00,Standard Shipping,2026-09-02T07:28:58.578Z,2,"Running Socks",18.00,22.00,SOCK-RUN-006,TRUE,TRUE,fulfilled,"Customer 110","123 Market St","New York","10001","NY","US","Customer 110","123 Market St","New York","10001","NY","US",
#1111,customer52@example.com,paid,2026-09-02T09:28:58.578Z,fulfilled,2026-09-02T09:28:58.578Z,yes,USD,145.00,0.00,11.60,156.60,,0.00,Standard Shipping,2026-09-02T09:28:58.578Z,1,"Leather Backpack",145.00,165.00,BAG-LEATHER-005,TRUE,TRUE,fulfilled,"Customer 111","123 Market St","New York","10001","NY","US","Customer 111","123 Market St","New York","10001","NY","US",
#1112,customer53@example.com,paid,2026-09-02T11:28:58.578Z,fulfilled,2026-09-02T11:28:58.578Z,yes,USD,85.00,0.00,6.80,91.80,,0.00,Standard Shipping,2026-09-02T11:28:58.578Z,1,"Premium Hoodie",85.00,95.00,HOODIE-PREM-001,TRUE,TRUE,fulfilled,"Customer 112","123 Market St","New York","10001","NY","US","Customer 112","123 Market St","New York","10001","NY","US",
#1113,customer54@example.com,paid,2026-09-02T13:28:58.578Z,fulfilled,2026-09-02T13:28:58.578Z,yes,USD,28.00,0.00,2.24,30.24,,0.00,Standard Shipping,2026-09-02T13:28:58.578Z,1,"Cotton T-Shirt",28.00,32.00,TEE-COTTON-004,TRUE,TRUE,fulfilled,"Customer 113","123 Market St","New York","10001","NY","US","Customer 113","123 Market St","New York","10001","NY","US",
#1114,customer55@example.com,paid,2026-09-02T15:28:58.578Z,fulfilled,2026-09-02T15:28:58.578Z,yes,USD,180.00,0.00,14.40,194.40,,0.00,Standard Shipping,2026-09-02T15:28:58.578Z,1,"Premium Hoodie",85.00,95.00,HOODIE-PREM-001,TRUE,TRUE,fulfilled,"Customer 114","123 Market St","New York","10001","NY","US","Customer 114","123 Market St","New York","10001","NY","US","Co-purchase order"
#1114,customer55@example.com,paid,2026-09-02T15:28:58.578Z,fulfilled,2026-09-02T15:28:58.578Z,yes,USD,180.00,0.00,14.40,194.40,,0.00,Standard Shipping,2026-09-02T15:28:58.578Z,1,"Denim Jacket",95.00,110.00,JACKET-DENIM-003,TRUE,TRUE,fulfilled,"Customer 114","123 Market St","New York","10001","NY","US","Customer 114","123 Market St","New York","10001","NY","US","Co-purchase order"
#1115,customer56@example.com,paid,2026-09-02T17:28:58.578Z,fulfilled,2026-09-02T17:28:58.578Z,yes,USD,36.00,0.00,2.88,38.88,,0.00,Standard Shipping,2026-09-02T17:28:58.578Z,2,"Running Socks",18.00,22.00,SOCK-RUN-006,TRUE,TRUE,fulfilled,"Customer 115","123 Market St","New York","10001","NY","US","Customer 115","123 Market St","New York","10001","NY","US",
#1116,customer57@example.com,paid,2026-09-02T19:28:58.578Z,fulfilled,2026-09-02T19:28:58.578Z,yes,USD,85.00,0.00,6.80,91.80,,0.00,Standard Shipping,2026-09-02T19:28:58.578Z,1,"Premium Hoodie",85.00,95.00,HOODIE-PREM-001,TRUE,TRUE,fulfilled,"Customer 116","123 Market St","New York","10001","NY","US","Customer 116","123 Market St","New York","10001","NY","US",
#1117,customer58@example.com,paid,2026-09-02T21:28:58.578Z,fulfilled,2026-09-02T21:28:58.578Z,yes,USD,145.00,0.00,11.60,156.60,,0.00,Standard Shipping,2026-09-02T21:28:58.578Z,1,"Leather Backpack",145.00,165.00,BAG-LEATHER-005,TRUE,TRUE,fulfilled,"Customer 117","123 Market St","New York","10001","NY","US","Customer 117","123 Market St","New York","10001","NY","US",
#1118,customer59@example.com,paid,2026-09-02T23:28:58.578Z,fulfilled,2026-09-02T23:28:58.578Z,yes,USD,28.00,0.00,2.24,30.24,,0.00,Standard Shipping,2026-09-02T23:28:58.578Z,1,"Cotton T-Shirt",28.00,32.00,TEE-COTTON-004,TRUE,TRUE,fulfilled,"Customer 118","123 Market St","New York","10001","NY","US","Customer 118","123 Market St","New York","10001","NY","US",
#1119,customer60@example.com,paid,2026-09-03T01:28:58.578Z,fulfilled,2026-09-03T01:28:58.578Z,yes,USD,120.00,0.00,9.60,129.60,,0.00,Standard Shipping,2026-09-03T01:28:58.578Z,1,"Running Shoes",120.00,140.00,SHOE-RUN-002,TRUE,TRUE,fulfilled,"Customer 119","123 Market St","New York","10001","NY","US","Customer 119","123 Market St","New York","10001","NY","US",
#1120,customer1@example.com,paid,2026-09-03T03:28:58.578Z,fulfilled,2026-09-03T03:28:58.578Z,yes,USD,180.00,0.00,14.40,194.40,,0.00,Standard Shipping,2026-09-03T03:28:58.578Z,1,"Premium Hoodie",85.00,95.00,HOODIE-PREM-001,TRUE,TRUE,fulfilled,"Customer 120","123 Market St","New York","10001","NY","US","Customer 120","123 Market St","New York","10001","NY","US","Co-purchase order"
#1120,customer1@example.com,paid,2026-09-03T03:28:58.578Z,fulfilled,2026-09-03T03:28:58.578Z,yes,USD,180.00,0.00,14.40,194.40,,0.00,Standard Shipping,2026-09-03T03:28:58.578Z,1,"Denim Jacket",95.00,110.00,JACKET-DENIM-003,TRUE,TRUE,fulfilled,"Customer 120","123 Market St","New York","10001","NY","US","Customer 120","123 Market St","New York","10001","NY","US","Co-purchase order"
#1121,customer2@example.com,paid,2026-09-03T05:28:58.578Z,fulfilled,2026-09-03T05:28:58.578Z,yes,USD,28.00,0.00,2.24,30.24,,0.00,Standard Shipping,2026-09-03T05:28:58.578Z,1,"Cotton T-Shirt",28.00,32.00,TEE-COTTON-004,TRUE,TRUE,fulfilled,"Customer 121","123 Market St","New York","10001","NY","US","Customer 121","123 Market St","New York","10001","NY","US",
#1122,customer3@example.com,paid,2026-09-03T07:28:58.578Z,fulfilled,2026-09-03T07:28:58.578Z,yes,USD,28.00,0.00,2.24,30.24,,0.00,Standard Shipping,2026-09-03T07:28:58.578Z,1,"Cotton T-Shirt",28.00,32.00,TEE-COTTON-004,TRUE,TRUE,fulfilled,"Customer 122","123 Market St","New York","10001","NY","US","Customer 122","123 Market St","New York","10001","NY","US",
#1123,customer4@example.com,paid,2026-09-03T09:28:58.578Z,fulfilled,2026-09-03T09:28:58.578Z,yes,USD,145.00,0.00,11.60,156.60,,0.00,Standard Shipping,2026-09-03T09:28:58.578Z,1,"Leather Backpack",145.00,165.00,BAG-LEATHER-005,TRUE,TRUE,fulfilled,"Customer 123","123 Market St","New York","10001","NY","US","Customer 123","123 Market St","New York","10001","NY","US",
#1124,customer5@example.com,paid,2026-09-03T11:28:58.578Z,fulfilled,2026-09-03T11:28:58.578Z,yes,USD,85.00,0.00,6.80,91.80,,0.00,Standard Shipping,2026-09-03T11:28:58.578Z,1,"Premium Hoodie",85.00,95.00,HOODIE-PREM-001,TRUE,TRUE,fulfilled,"Customer 124","123 Market St","New York","10001","NY","US","Customer 124","123 Market St","New York","10001","NY","US",
#1125,customer6@example.com,paid,2026-09-03T13:28:58.578Z,fulfilled,2026-09-03T13:28:58.578Z,yes,USD,36.00,0.00,2.88,38.88,,0.00,Standard Shipping,2026-09-03T13:28:58.578Z,2,"Running Socks",18.00,22.00,SOCK-RUN-006,TRUE,TRUE,fulfilled,"Customer 125","123 Market St","New York","10001","NY","US","Customer 125","123 Market St","New York","10001","NY","US",
#1126,customer7@example.com,paid,2026-09-03T15:28:58.578Z,fulfilled,2026-09-03T15:28:58.578Z,yes,USD,180.00,0.00,14.40,194.40,,0.00,Standard Shipping,2026-09-03T15:28:58.578Z,1,"Premium Hoodie",85.00,95.00,HOODIE-PREM-001,TRUE,TRUE,fulfilled,"Customer 126","123 Market St","New York","10001","NY","US","Customer 126","123 Market St","New York","10001","NY","US","Co-purchase order"
#1126,customer7@example.com,paid,2026-09-03T15:28:58.578Z,fulfilled,2026-09-03T15:28:58.578Z,yes,USD,180.00,0.00,14.40,194.40,,0.00,Standard Shipping,2026-09-03T15:28:58.578Z,1,"Denim Jacket",95.00,110.00,JACKET-DENIM-003,TRUE,TRUE,fulfilled,"Customer 126","123 Market St","New York","10001","NY","US","Customer 126","123 Market St","New York","10001","NY","US","Co-purchase order"
#1127,customer8@example.com,paid,2026-09-03T17:28:58.578Z,fulfilled,2026-09-03T17:28:58.578Z,yes,USD,28.00,0.00,2.24,30.24,,0.00,Standard Shipping,2026-09-03T17:28:58.578Z,1,"Cotton T-Shirt",28.00,32.00,TEE-COTTON-004,TRUE,TRUE,fulfilled,"Customer 127","123 Market St","New York","10001","NY","US","Customer 127","123 Market St","New York","10001","NY","US",
#1128,customer9@example.com,paid,2026-09-03T19:28:58.578Z,fulfilled,2026-09-03T19:28:58.578Z,yes,USD,85.00,0.00,6.80,91.80,,0.00,Standard Shipping,2026-09-03T19:28:58.578Z,1,"Premium Hoodie",85.00,95.00,HOODIE-PREM-001,TRUE,TRUE,fulfilled,"Customer 128","123 Market St","New York","10001","NY","US","Customer 128","123 Market St","New York","10001","NY","US",
#1129,customer10@example.com,paid,2026-09-03T21:28:58.578Z,fulfilled,2026-09-03T21:28:58.578Z,yes,USD,145.00,0.00,11.60,156.60,,0.00,Standard Shipping,2026-09-03T21:28:58.578Z,1,"Leather Backpack",145.00,165.00,BAG-LEATHER-005,TRUE,TRUE,fulfilled,"Customer 129","123 Market St","New York","10001","NY","US","Customer 129","123 Market St","New York","10001","NY","US",
#1130,customer11@example.com,paid,2026-09-03T23:28:58.578Z,fulfilled,2026-09-03T23:28:58.578Z,yes,USD,36.00,0.00,2.88,38.88,,0.00,Standard Shipping,2026-09-03T23:28:58.578Z,2,"Running Socks",18.00,22.00,SOCK-RUN-006,TRUE,TRUE,fulfilled,"Customer 130","123 Market St","New York","10001","NY","US","Customer 130","123 Market St","New York","10001","NY","US",
#1131,customer12@example.com,paid,2026-09-04T01:28:58.578Z,fulfilled,2026-09-04T01:28:58.578Z,yes,USD,28.00,0.00,2.24,30.24,,0.00,Standard Shipping,2026-09-04T01:28:58.578Z,1,"Cotton T-Shirt",28.00,32.00,TEE-COTTON-004,TRUE,TRUE,fulfilled,"Customer 131","123 Market St","New York","10001","NY","US","Customer 131","123 Market St","New York","10001","NY","US",
#1132,customer13@example.com,paid,2026-09-04T03:28:58.578Z,fulfilled,2026-09-04T03:28:58.578Z,yes,USD,180.00,0.00,14.40,194.40,,0.00,Standard Shipping,2026-09-04T03:28:58.578Z,1,"Premium Hoodie",85.00,95.00,HOODIE-PREM-001,TRUE,TRUE,fulfilled,"Customer 132","123 Market St","New York","10001","NY","US","Customer 132","123 Market St","New York","10001","NY","US","Co-purchase order"
#1132,customer13@example.com,paid,2026-09-04T03:28:58.578Z,fulfilled,2026-09-04T03:28:58.578Z,yes,USD,180.00,0.00,14.40,194.40,,0.00,Standard Shipping,2026-09-04T03:28:58.578Z,1,"Denim Jacket",95.00,110.00,JACKET-DENIM-003,TRUE,TRUE,fulfilled,"Customer 132","123 Market St","New York","10001","NY","US","Customer 132","123 Market St","New York","10001","NY","US","Co-purchase order"
#1133,customer14@example.com,paid,2026-09-04T05:28:58.578Z,fulfilled,2026-09-04T05:28:58.578Z,yes,USD,120.00,0.00,9.60,129.60,,0.00,Standard Shipping,2026-09-04T05:28:58.578Z,1,"Running Shoes",120.00,140.00,SHOE-RUN-002,TRUE,TRUE,fulfilled,"Customer 133","123 Market St","New York","10001","NY","US","Customer 133","123 Market St","New York","10001","NY","US",
#1134,customer15@example.com,paid,2026-09-04T07:28:58.578Z,fulfilled,2026-09-04T07:28:58.578Z,yes,USD,28.00,0.00,2.24,30.24,,0.00,Standard Shipping,2026-09-04T07:28:58.578Z,1,"Cotton T-Shirt",28.00,32.00,TEE-COTTON-004,TRUE,TRUE,fulfilled,"Customer 134","123 Market St","New York","10001","NY","US","Customer 134","123 Market St","New York","10001","NY","US",
#1135,customer16@example.com,paid,2026-09-04T09:28:58.578Z,fulfilled,2026-09-04T09:28:58.578Z,yes,USD,36.00,0.00,2.88,38.88,,0.00,Standard Shipping,2026-09-04T09:28:58.578Z,2,"Running Socks",18.00,22.00,SOCK-RUN-006,TRUE,TRUE,fulfilled,"Customer 135","123 Market St","New York","10001","NY","US","Customer 135","123 Market St","New York","10001","NY","US",
#1136,customer17@example.com,paid,2026-09-04T11:28:58.578Z,fulfilled,2026-09-04T11:28:58.578Z,yes,USD,85.00,0.00,6.80,91.80,,0.00,Standard Shipping,2026-09-04T11:28:58.578Z,1,"Premium Hoodie",85.00,95.00,HOODIE-PREM-001,TRUE,TRUE,fulfilled,"Customer 136","123 Market St","New York","10001","NY","US","Customer 136","123 Market St","New York","10001","NY","US",
#1137,customer18@example.com,paid,2026-09-04T13:28:58.578Z,fulfilled,2026-09-04T13:28:58.578Z,yes,USD,28.00,0.00,2.24,30.24,,0.00,Standard Shipping,2026-09-04T13:28:58.578Z,1,"Cotton T-Shirt",28.00,32.00,TEE-COTTON-004,TRUE,TRUE,fulfilled,"Customer 137","123 Market St","New York","10001","NY","US","Customer 137","123 Market St","New York","10001","NY","US",
#1138,customer19@example.com,paid,2026-09-04T15:28:58.578Z,fulfilled,2026-09-04T15:28:58.578Z,yes,USD,180.00,0.00,14.40,194.40,,0.00,Standard Shipping,2026-09-04T15:28:58.578Z,1,"Premium Hoodie",85.00,95.00,HOODIE-PREM-001,TRUE,TRUE,fulfilled,"Customer 138","123 Market St","New York","10001","NY","US","Customer 138","123 Market St","New York","10001","NY","US","Co-purchase order"
#1138,customer19@example.com,paid,2026-09-04T15:28:58.578Z,fulfilled,2026-09-04T15:28:58.578Z,yes,USD,180.00,0.00,14.40,194.40,,0.00,Standard Shipping,2026-09-04T15:28:58.578Z,1,"Denim Jacket",95.00,110.00,JACKET-DENIM-003,TRUE,TRUE,fulfilled,"Customer 138","123 Market St","New York","10001","NY","US","Customer 138","123 Market St","New York","10001","NY","US","Co-purchase order"
#1139,customer20@example.com,paid,2026-09-04T17:28:58.578Z,fulfilled,2026-09-04T17:28:58.578Z,yes,USD,28.00,0.00,2.24,30.24,,0.00,Standard Shipping,2026-09-04T17:28:58.578Z,1,"Cotton T-Shirt",28.00,32.00,TEE-COTTON-004,TRUE,TRUE,fulfilled,"Customer 139","123 Market St","New York","10001","NY","US","Customer 139","123 Market St","New York","10001","NY","US",
#1140,customer21@example.com,paid,2026-09-04T19:28:58.578Z,fulfilled,2026-09-04T19:28:58.578Z,yes,USD,36.00,0.00,2.88,38.88,,0.00,Standard Shipping,2026-09-04T19:28:58.578Z,2,"Running Socks",18.00,22.00,SOCK-RUN-006,TRUE,TRUE,fulfilled,"Customer 140","123 Market St","New York","10001","NY","US","Customer 140","123 Market St","New York","10001","NY","US",
#1141,customer22@example.com,paid,2026-09-04T21:28:58.578Z,fulfilled,2026-09-04T21:28:58.578Z,yes,USD,145.00,0.00,11.60,156.60,,0.00,Standard Shipping,2026-09-04T21:28:58.578Z,1,"Leather Backpack",145.00,165.00,BAG-LEATHER-005,TRUE,TRUE,fulfilled,"Customer 141","123 Market St","New York","10001","NY","US","Customer 141","123 Market St","New York","10001","NY","US",
#1142,customer23@example.com,paid,2026-09-04T23:28:58.578Z,fulfilled,2026-09-04T23:28:58.578Z,yes,USD,28.00,0.00,2.24,30.24,,0.00,Standard Shipping,2026-09-04T23:28:58.578Z,1,"Cotton T-Shirt",28.00,32.00,TEE-COTTON-004,TRUE,TRUE,fulfilled,"Customer 142","123 Market St","New York","10001","NY","US","Customer 142","123 Market St","New York","10001","NY","US",
#1143,customer24@example.com,paid,2026-09-05T01:28:58.578Z,fulfilled,2026-09-05T01:28:58.578Z,yes,USD,28.00,0.00,2.24,30.24,,0.00,Standard Shipping,2026-09-05T01:28:58.578Z,1,"Cotton T-Shirt",28.00,32.00,TEE-COTTON-004,TRUE,TRUE,fulfilled,"Customer 143","123 Market St","New York","10001","NY","US","Customer 143","123 Market St","New York","10001","NY","US",
#1144,customer25@example.com,paid,2026-09-05T03:28:58.578Z,fulfilled,2026-09-05T03:28:58.578Z,yes,USD,180.00,0.00,14.40,194.40,,0.00,Standard Shipping,2026-09-05T03:28:58.578Z,1,"Premium Hoodie",85.00,95.00,HOODIE-PREM-001,TRUE,TRUE,fulfilled,"Customer 144","123 Market St","New York","10001","NY","US","Customer 144","123 Market St","New York","10001","NY","US","Co-purchase order"
#1144,customer25@example.com,paid,2026-09-05T03:28:58.578Z,fulfilled,2026-09-05T03:28:58.578Z,yes,USD,180.00,0.00,14.40,194.40,,0.00,Standard Shipping,2026-09-05T03:28:58.578Z,1,"Denim Jacket",95.00,110.00,JACKET-DENIM-003,TRUE,TRUE,fulfilled,"Customer 144","123 Market St","New York","10001","NY","US","Customer 144","123 Market St","New York","10001","NY","US","Co-purchase order"
#1145,customer26@example.com,paid,2026-09-05T05:28:58.578Z,fulfilled,2026-09-05T05:28:58.578Z,yes,USD,36.00,0.00,2.88,38.88,,0.00,Standard Shipping,2026-09-05T05:28:58.578Z,2,"Running Socks",18.00,22.00,SOCK-RUN-006,TRUE,TRUE,fulfilled,"Customer 145","123 Market St","New York","10001","NY","US","Customer 145","123 Market St","New York","10001","NY","US",
#1146,customer27@example.com,paid,2026-09-05T07:28:58.578Z,fulfilled,2026-09-05T07:28:58.578Z,yes,USD,28.00,0.00,2.24,30.24,,0.00,Standard Shipping,2026-09-05T07:28:58.578Z,1,"Cotton T-Shirt",28.00,32.00,TEE-COTTON-004,TRUE,TRUE,fulfilled,"Customer 146","123 Market St","New York","10001","NY","US","Customer 146","123 Market St","New York","10001","NY","US",
#1147,customer28@example.com,paid,2026-09-05T09:28:58.578Z,fulfilled,2026-09-05T09:28:58.578Z,yes,USD,120.00,0.00,9.60,129.60,,0.00,Standard Shipping,2026-09-05T09:28:58.578Z,1,"Running Shoes",120.00,140.00,SHOE-RUN-002,TRUE,TRUE,fulfilled,"Customer 147","123 Market St","New York","10001","NY","US","Customer 147","123 Market St","New York","10001","NY","US",
#1148,customer29@example.com,paid,2026-09-05T11:28:58.578Z,fulfilled,2026-09-05T11:28:58.578Z,yes,USD,85.00,0.00,6.80,91.80,,0.00,Standard Shipping,2026-09-05T11:28:58.578Z,1,"Premium Hoodie",85.00,95.00,HOODIE-PREM-001,TRUE,TRUE,fulfilled,"Customer 148","123 Market St","New York","10001","NY","US","Customer 148","123 Market St","New York","10001","NY","US",
#1149,customer30@example.com,paid,2026-09-05T13:28:58.578Z,fulfilled,2026-09-05T13:28:58.578Z,yes,USD,28.00,0.00,2.24,30.24,,0.00,Standard Shipping,2026-09-05T13:28:58.578Z,1,"Cotton T-Shirt",28.00,32.00,TEE-COTTON-004,TRUE,TRUE,fulfilled,"Customer 149","123 Market St","New York","10001","NY","US","Customer 149","123 Market St","New York","10001","NY","US",
#1150,customer31@example.com,paid,2026-09-05T15:28:58.578Z,fulfilled,2026-09-05T15:28:58.578Z,yes,USD,180.00,0.00,14.40,194.40,,0.00,Standard Shipping,2026-09-05T15:28:58.578Z,1,"Premium Hoodie",85.00,95.00,HOODIE-PREM-001,TRUE,TRUE,fulfilled,"Customer 150","123 Market St","New York","10001","NY","US","Customer 150","123 Market St","New York","10001","NY","US","Co-purchase order"
#1150,customer31@example.com,paid,2026-09-05T15:28:58.578Z,fulfilled,2026-09-05T15:28:58.578Z,yes,USD,180.00,0.00,14.40,194.40,,0.00,Standard Shipping,2026-09-05T15:28:58.578Z,1,"Denim Jacket",95.00,110.00,JACKET-DENIM-003,TRUE,TRUE,fulfilled,"Customer 150","123 Market St","New York","10001","NY","US","Customer 150","123 Market St","New York","10001","NY","US","Co-purchase order"
#1151,customer32@example.com,paid,2026-09-05T17:28:58.578Z,fulfilled,2026-09-05T17:28:58.578Z,yes,USD,28.00,0.00,2.24,30.24,,0.00,Standard Shipping,2026-09-05T17:28:58.578Z,1,"Cotton T-Shirt",28.00,32.00,TEE-COTTON-004,TRUE,TRUE,fulfilled,"Customer 151","123 Market St","New York","10001","NY","US","Customer 151","123 Market St","New York","10001","NY","US",
#1152,customer33@example.com,paid,2026-09-05T19:28:58.578Z,fulfilled,2026-09-05T19:28:58.578Z,yes,USD,85.00,0.00,6.80,91.80,,0.00,Standard Shipping,2026-09-05T19:28:58.578Z,1,"Premium Hoodie",85.00,95.00,HOODIE-PREM-001,TRUE,TRUE,fulfilled,"Customer 152","123 Market St","New York","10001","NY","US","Customer 152","123 Market St","New York","10001","NY","US",
#1153,customer34@example.com,paid,2026-09-05T21:28:58.578Z,fulfilled,2026-09-05T21:28:58.578Z,yes,USD,145.00,0.00,11.60,156.60,,0.00,Standard Shipping,2026-09-05T21:28:58.578Z,1,"Leather Backpack",145.00,165.00,BAG-LEATHER-005,TRUE,TRUE,fulfilled,"Customer 153","123 Market St","New York","10001","NY","US","Customer 153","123 Market St","New York","10001","NY","US",
#1154,customer35@example.com,paid,2026-09-05T23:28:58.578Z,fulfilled,2026-09-05T23:28:58.578Z,yes,USD,120.00,0.00,9.60,129.60,,0.00,Standard Shipping,2026-09-05T23:28:58.578Z,1,"Running Shoes",120.00,140.00,SHOE-RUN-002,TRUE,TRUE,fulfilled,"Customer 154","123 Market St","New York","10001","NY","US","Customer 154","123 Market St","New York","10001","NY","US",
#1155,customer36@example.com,paid,2026-09-06T01:28:58.578Z,fulfilled,2026-09-06T01:28:58.578Z,yes,USD,36.00,0.00,2.88,38.88,,0.00,Standard Shipping,2026-09-06T01:28:58.578Z,2,"Running Socks",18.00,22.00,SOCK-RUN-006,TRUE,TRUE,fulfilled,"Customer 155","123 Market St","New York","10001","NY","US","Customer 155","123 Market St","New York","10001","NY","US",
#1156,customer37@example.com,paid,2026-09-06T03:28:58.578Z,fulfilled,2026-09-06T03:28:58.578Z,yes,USD,180.00,0.00,14.40,194.40,,0.00,Standard Shipping,2026-09-06T03:28:58.578Z,1,"Premium Hoodie",85.00,95.00,HOODIE-PREM-001,TRUE,TRUE,fulfilled,"Customer 156","123 Market St","New York","10001","NY","US","Customer 156","123 Market St","New York","10001","NY","US","Co-purchase order"
#1156,customer37@example.com,paid,2026-09-06T03:28:58.578Z,fulfilled,2026-09-06T03:28:58.578Z,yes,USD,180.00,0.00,14.40,194.40,,0.00,Standard Shipping,2026-09-06T03:28:58.578Z,1,"Denim Jacket",95.00,110.00,JACKET-DENIM-003,TRUE,TRUE,fulfilled,"Customer 156","123 Market St","New York","10001","NY","US","Customer 156","123 Market St","New York","10001","NY","US","Co-purchase order"
#1157,customer38@example.com,paid,2026-09-06T05:28:58.578Z,fulfilled,2026-09-06T05:28:58.578Z,yes,USD,28.00,0.00,2.24,30.24,,0.00,Standard Shipping,2026-09-06T05:28:58.578Z,1,"Cotton T-Shirt",28.00,32.00,TEE-COTTON-004,TRUE,TRUE,fulfilled,"Customer 157","123 Market St","New York","10001","NY","US","Customer 157","123 Market St","New York","10001","NY","US",
#1158,customer39@example.com,paid,2026-09-06T07:28:58.578Z,fulfilled,2026-09-06T07:28:58.578Z,yes,USD,28.00,0.00,2.24,30.24,,0.00,Standard Shipping,2026-09-06T07:28:58.578Z,1,"Cotton T-Shirt",28.00,32.00,TEE-COTTON-004,TRUE,TRUE,fulfilled,"Customer 158","123 Market St","New York","10001","NY","US","Customer 158","123 Market St","New York","10001","NY","US",
#1159,customer40@example.com,paid,2026-09-06T09:28:58.578Z,fulfilled,2026-09-06T09:28:58.578Z,yes,USD,145.00,0.00,11.60,156.60,,0.00,Standard Shipping,2026-09-06T09:28:58.578Z,1,"Leather Backpack",145.00,165.00,BAG-LEATHER-005,TRUE,TRUE,fulfilled,"Customer 159","123 Market St","New York","10001","NY","US","Customer 159","123 Market St","New York","10001","NY","US",
#1160,customer41@example.com,paid,2026-09-06T11:28:58.578Z,fulfilled,2026-09-06T11:28:58.578Z,yes,USD,36.00,0.00,2.88,38.88,,0.00,Standard Shipping,2026-09-06T11:28:58.578Z,2,"Running Socks",18.00,22.00,SOCK-RUN-006,TRUE,TRUE,fulfilled,"Customer 160","123 Market St","New York","10001","NY","US","Customer 160","123 Market St","New York","10001","NY","US",
#1161,customer42@example.com,paid,2026-09-06T13:28:58.578Z,fulfilled,2026-09-06T13:28:58.578Z,yes,USD,120.00,0.00,9.60,129.60,,0.00,Standard Shipping,2026-09-06T13:28:58.578Z,1,"Running Shoes",120.00,140.00,SHOE-RUN-002,TRUE,TRUE,fulfilled,"Customer 161","123 Market St","New York","10001","NY","US","Customer 161","123 Market St","New York","10001","NY","US",
#1162,customer43@example.com,paid,2026-09-06T15:28:58.578Z,fulfilled,2026-09-06T15:28:58.578Z,yes,USD,180.00,0.00,14.40,194.40,,0.00,Standard Shipping,2026-09-06T15:28:58.578Z,1,"Premium Hoodie",85.00,95.00,HOODIE-PREM-001,TRUE,TRUE,fulfilled,"Customer 162","123 Market St","New York","10001","NY","US","Customer 162","123 Market St","New York","10001","NY","US","Co-purchase order"
#1162,customer43@example.com,paid,2026-09-06T15:28:58.578Z,fulfilled,2026-09-06T15:28:58.578Z,yes,USD,180.00,0.00,14.40,194.40,,0.00,Standard Shipping,2026-09-06T15:28:58.578Z,1,"Denim Jacket",95.00,110.00,JACKET-DENIM-003,TRUE,TRUE,fulfilled,"Customer 162","123 Market St","New York","10001","NY","US","Customer 162","123 Market St","New York","10001","NY","US","Co-purchase order"
#1163,customer44@example.com,paid,2026-09-06T17:28:58.578Z,fulfilled,2026-09-06T17:28:58.578Z,yes,USD,28.00,0.00,2.24,30.24,,0.00,Standard Shipping,2026-09-06T17:28:58.578Z,1,"Cotton T-Shirt",28.00,32.00,TEE-COTTON-004,TRUE,TRUE,fulfilled,"Customer 163","123 Market St","New York","10001","NY","US","Customer 163","123 Market St","New York","10001","NY","US",
#1164,customer45@example.com,paid,2026-09-06T19:28:58.578Z,fulfilled,2026-09-06T19:28:58.578Z,yes,USD,85.00,0.00,6.80,91.80,,0.00,Standard Shipping,2026-09-06T19:28:58.578Z,1,"Premium Hoodie",85.00,95.00,HOODIE-PREM-001,TRUE,TRUE,fulfilled,"Customer 164","123 Market St","New York","10001","NY","US","Customer 164","123 Market St","New York","10001","NY","US",
#1165,customer46@example.com,paid,2026-09-06T21:28:58.578Z,fulfilled,2026-09-06T21:28:58.578Z,yes,USD,36.00,0.00,2.88,38.88,,0.00,Standard Shipping,2026-09-06T21:28:58.578Z,2,"Running Socks",18.00,22.00,SOCK-RUN-006,TRUE,TRUE,fulfilled,"Customer 165","123 Market St","New York","10001","NY","US","Customer 165","123 Market St","New York","10001","NY","US",
#1166,customer47@example.com,paid,2026-09-06T23:28:58.578Z,fulfilled,2026-09-06T23:28:58.578Z,yes,USD,28.00,0.00,2.24,30.24,,0.00,Standard Shipping,2026-09-06T23:28:58.578Z,1,"Cotton T-Shirt",28.00,32.00,TEE-COTTON-004,TRUE,TRUE,fulfilled,"Customer 166","123 Market St","New York","10001","NY","US","Customer 166","123 Market St","New York","10001","NY","US",
#1167,customer48@example.com,paid,2026-09-07T01:28:58.578Z,fulfilled,2026-09-07T01:28:58.578Z,yes,USD,28.00,0.00,2.24,30.24,,0.00,Standard Shipping,2026-09-07T01:28:58.578Z,1,"Cotton T-Shirt",28.00,32.00,TEE-COTTON-004,TRUE,TRUE,fulfilled,"Customer 167","123 Market St","New York","10001","NY","US","Customer 167","123 Market St","New York","10001","NY","US",
#1168,customer49@example.com,paid,2026-09-07T03:28:58.578Z,fulfilled,2026-09-07T03:28:58.578Z,yes,USD,180.00,0.00,14.40,194.40,,0.00,Standard Shipping,2026-09-07T03:28:58.578Z,1,"Premium Hoodie",85.00,95.00,HOODIE-PREM-001,TRUE,TRUE,fulfilled,"Customer 168","123 Market St","New York","10001","NY","US","Customer 168","123 Market St","New York","10001","NY","US","Co-purchase order"
#1168,customer49@example.com,paid,2026-09-07T03:28:58.578Z,fulfilled,2026-09-07T03:28:58.578Z,yes,USD,180.00,0.00,14.40,194.40,,0.00,Standard Shipping,2026-09-07T03:28:58.578Z,1,"Denim Jacket",95.00,110.00,JACKET-DENIM-003,TRUE,TRUE,fulfilled,"Customer 168","123 Market St","New York","10001","NY","US","Customer 168","123 Market St","New York","10001","NY","US","Co-purchase order"
#1169,customer50@example.com,paid,2026-09-07T05:28:58.578Z,fulfilled,2026-09-07T05:28:58.578Z,yes,USD,28.00,0.00,2.24,30.24,,0.00,Standard Shipping,2026-09-07T05:28:58.578Z,1,"Cotton T-Shirt",28.00,32.00,TEE-COTTON-004,TRUE,TRUE,fulfilled,"Customer 169","123 Market St","New York","10001","NY","US","Customer 169","123 Market St","New York","10001","NY","US",
#1170,customer51@example.com,paid,2026-09-07T07:28:58.578Z,fulfilled,2026-09-07T07:28:58.578Z,yes,USD,36.00,0.00,2.88,38.88,,0.00,Standard Shipping,2026-09-07T07:28:58.578Z,2,"Running Socks",18.00,22.00,SOCK-RUN-006,TRUE,TRUE,fulfilled,"Customer 170","123 Market St","New York","10001","NY","US","Customer 170","123 Market St","New York","10001","NY","US",
#1171,customer52@example.com,paid,2026-09-07T09:28:58.578Z,fulfilled,2026-09-07T09:28:58.578Z,yes,USD,145.00,0.00,11.60,156.60,,0.00,Standard Shipping,2026-09-07T09:28:58.578Z,1,"Leather Backpack",145.00,165.00,BAG-LEATHER-005,TRUE,TRUE,fulfilled,"Customer 171","123 Market St","New York","10001","NY","US","Customer 171","123 Market St","New York","10001","NY","US",
#1172,customer53@example.com,paid,2026-09-07T11:28:58.579Z,fulfilled,2026-09-07T11:28:58.579Z,yes,USD,85.00,0.00,6.80,91.80,,0.00,Standard Shipping,2026-09-07T11:28:58.579Z,1,"Premium Hoodie",85.00,95.00,HOODIE-PREM-001,TRUE,TRUE,fulfilled,"Customer 172","123 Market St","New York","10001","NY","US","Customer 172","123 Market St","New York","10001","NY","US",
#1173,customer54@example.com,paid,2026-09-07T13:28:58.579Z,fulfilled,2026-09-07T13:28:58.579Z,yes,USD,28.00,0.00,2.24,30.24,,0.00,Standard Shipping,2026-09-07T13:28:58.579Z,1,"Cotton T-Shirt",28.00,32.00,TEE-COTTON-004,TRUE,TRUE,fulfilled,"Customer 173","123 Market St","New York","10001","NY","US","Customer 173","123 Market St","New York","10001","NY","US",
#1174,customer55@example.com,paid,2026-09-07T15:28:58.579Z,fulfilled,2026-09-07T15:28:58.579Z,yes,USD,180.00,0.00,14.40,194.40,,0.00,Standard Shipping,2026-09-07T15:28:58.579Z,1,"Premium Hoodie",85.00,95.00,HOODIE-PREM-001,TRUE,TRUE,fulfilled,"Customer 174","123 Market St","New York","10001","NY","US","Customer 174","123 Market St","New York","10001","NY","US","Co-purchase order"
#1174,customer55@example.com,paid,2026-09-07T15:28:58.579Z,fulfilled,2026-09-07T15:28:58.579Z,yes,USD,180.00,0.00,14.40,194.40,,0.00,Standard Shipping,2026-09-07T15:28:58.579Z,1,"Denim Jacket",95.00,110.00,JACKET-DENIM-003,TRUE,TRUE,fulfilled,"Customer 174","123 Market St","New York","10001","NY","US","Customer 174","123 Market St","New York","10001","NY","US","Co-purchase order"
#1175,customer56@example.com,paid,2026-09-07T17:28:58.579Z,fulfilled,2026-09-07T17:28:58.579Z,yes,USD,36.00,0.00,2.88,38.88,,0.00,Standard Shipping,2026-09-07T17:28:58.579Z,2,"Running Socks",18.00,22.00,SOCK-RUN-006,TRUE,TRUE,fulfilled,"Customer 175","123 Market St","New York","10001","NY","US","Customer 175","123 Market St","New York","10001","NY","US",
#1176,customer57@example.com,paid,2026-09-07T19:28:58.579Z,fulfilled,2026-09-07T19:28:58.579Z,yes,USD,85.00,0.00,6.80,91.80,,0.00,Standard Shipping,2026-09-07T19:28:58.579Z,1,"Premium Hoodie",85.00,95.00,HOODIE-PREM-001,TRUE,TRUE,fulfilled,"Customer 176","123 Market St","New York","10001","NY","US","Customer 176","123 Market St","New York","10001","NY","US",
#1177,customer58@example.com,paid,2026-09-07T21:28:58.579Z,fulfilled,2026-09-07T21:28:58.579Z,yes,USD,145.00,0.00,11.60,156.60,,0.00,Standard Shipping,2026-09-07T21:28:58.579Z,1,"Leather Backpack",145.00,165.00,BAG-LEATHER-005,TRUE,TRUE,fulfilled,"Customer 177","123 Market St","New York","10001","NY","US","Customer 177","123 Market St","New York","10001","NY","US",
#1178,customer59@example.com,paid,2026-09-07T23:28:58.579Z,fulfilled,2026-09-07T23:28:58.579Z,yes,USD,28.00,0.00,2.24,30.24,,0.00,Standard Shipping,2026-09-07T23:28:58.579Z,1,"Cotton T-Shirt",28.00,32.00,TEE-COTTON-004,TRUE,TRUE,fulfilled,"Customer 178","123 Market St","New York","10001","NY","US","Customer 178","123 Market St","New York","10001","NY","US",
#1179,customer60@example.com,paid,2026-09-08T01:28:58.579Z,fulfilled,2026-09-08T01:28:58.579Z,yes,USD,28.00,0.00,2.24,30.24,,0.00,Standard Shipping,2026-09-08T01:28:58.579Z,1,"Cotton T-Shirt",28.00,32.00,TEE-COTTON-004,TRUE,TRUE,fulfilled,"Customer 179","123 Market St","New York","10001","NY","US","Customer 179","123 Market St","New York","10001","NY","US",
#1180,customer1@example.com,paid,2026-09-08T03:28:58.579Z,fulfilled,2026-09-08T03:28:58.579Z,yes,USD,180.00,0.00,14.40,194.40,,0.00,Standard Shipping,2026-09-08T03:28:58.579Z,1,"Premium Hoodie",85.00,95.00,HOODIE-PREM-001,TRUE,TRUE,fulfilled,"Customer 180","123 Market St","New York","10001","NY","US","Customer 180","123 Market St","New York","10001","NY","US","Co-purchase order"
#1180,customer1@example.com,paid,2026-09-08T03:28:58.579Z,fulfilled,2026-09-08T03:28:58.579Z,yes,USD,180.00,0.00,14.40,194.40,,0.00,Standard Shipping,2026-09-08T03:28:58.579Z,1,"Denim Jacket",95.00,110.00,JACKET-DENIM-003,TRUE,TRUE,fulfilled,"Customer 180","123 Market St","New York","10001","NY","US","Customer 180","123 Market St","New York","10001","NY","US","Co-purchase order"
#1181,customer2@example.com,paid,2026-09-08T05:28:58.579Z,fulfilled,2026-09-08T05:28:58.579Z,yes,USD,28.00,0.00,2.24,30.24,,0.00,Standard Shipping,2026-09-08T05:28:58.579Z,1,"Cotton T-Shirt",28.00,32.00,TEE-COTTON-004,TRUE,TRUE,fulfilled,"Customer 181","123 Market St","New York","10001","NY","US","Customer 181","123 Market St","New York","10001","NY","US",
#1182,customer3@example.com,paid,2026-09-08T07:28:58.579Z,fulfilled,2026-09-08T07:28:58.579Z,yes,USD,120.00,0.00,9.60,129.60,,0.00,Standard Shipping,2026-09-08T07:28:58.579Z,1,"Running Shoes",120.00,140.00,SHOE-RUN-002,TRUE,TRUE,fulfilled,"Customer 182","123 Market St","New York","10001","NY","US","Customer 182","123 Market St","New York","10001","NY","US",
#1183,customer4@example.com,paid,2026-09-08T09:28:58.579Z,fulfilled,2026-09-08T09:28:58.579Z,yes,USD,145.00,0.00,11.60,156.60,,0.00,Standard Shipping,2026-09-08T09:28:58.579Z,1,"Leather Backpack",145.00,165.00,BAG-LEATHER-005,TRUE,TRUE,fulfilled,"Customer 183","123 Market St","New York","10001","NY","US","Customer 183","123 Market St","New York","10001","NY","US",
#1184,customer5@example.com,paid,2026-09-08T11:28:58.579Z,fulfilled,2026-09-08T11:28:58.579Z,yes,USD,85.00,0.00,6.80,91.80,,0.00,Standard Shipping,2026-09-08T11:28:58.579Z,1,"Premium Hoodie",85.00,95.00,HOODIE-PREM-001,TRUE,TRUE,fulfilled,"Customer 184","123 Market St","New York","10001","NY","US","Customer 184","123 Market St","New York","10001","NY","US",
#1185,customer6@example.com,paid,2026-09-08T13:28:58.579Z,fulfilled,2026-09-08T13:28:58.579Z,yes,USD,36.00,0.00,2.88,38.88,,0.00,Standard Shipping,2026-09-08T13:28:58.579Z,2,"Running Socks",18.00,22.00,SOCK-RUN-006,TRUE,TRUE,fulfilled,"Customer 185","123 Market St","New York","10001","NY","US","Customer 185","123 Market St","New York","10001","NY","US",
#1186,customer7@example.com,paid,2026-09-08T15:28:58.579Z,fulfilled,2026-09-08T15:28:58.579Z,yes,USD,180.00,0.00,14.40,194.40,,0.00,Standard Shipping,2026-09-08T15:28:58.579Z,1,"Premium Hoodie",85.00,95.00,HOODIE-PREM-001,TRUE,TRUE,fulfilled,"Customer 186","123 Market St","New York","10001","NY","US","Customer 186","123 Market St","New York","10001","NY","US","Co-purchase order"
#1186,customer7@example.com,paid,2026-09-08T15:28:58.579Z,fulfilled,2026-09-08T15:28:58.579Z,yes,USD,180.00,0.00,14.40,194.40,,0.00,Standard Shipping,2026-09-08T15:28:58.579Z,1,"Denim Jacket",95.00,110.00,JACKET-DENIM-003,TRUE,TRUE,fulfilled,"Customer 186","123 Market St","New York","10001","NY","US","Customer 186","123 Market St","New York","10001","NY","US","Co-purchase order"
#1187,customer8@example.com,paid,2026-09-08T17:28:58.579Z,fulfilled,2026-09-08T17:28:58.579Z,yes,USD,28.00,0.00,2.24,30.24,,0.00,Standard Shipping,2026-09-08T17:28:58.579Z,1,"Cotton T-Shirt",28.00,32.00,TEE-COTTON-004,TRUE,TRUE,fulfilled,"Customer 187","123 Market St","New York","10001","NY","US","Customer 187","123 Market St","New York","10001","NY","US",
#1188,customer9@example.com,paid,2026-09-08T19:28:58.579Z,fulfilled,2026-09-08T19:28:58.579Z,yes,USD,85.00,0.00,6.80,91.80,,0.00,Standard Shipping,2026-09-08T19:28:58.579Z,1,"Premium Hoodie",85.00,95.00,HOODIE-PREM-001,TRUE,TRUE,fulfilled,"Customer 188","123 Market St","New York","10001","NY","US","Customer 188","123 Market St","New York","10001","NY","US",
#1189,customer10@example.com,paid,2026-09-08T21:28:58.579Z,fulfilled,2026-09-08T21:28:58.579Z,yes,USD,120.00,0.00,9.60,129.60,,0.00,Standard Shipping,2026-09-08T21:28:58.579Z,1,"Running Shoes",120.00,140.00,SHOE-RUN-002,TRUE,TRUE,fulfilled,"Customer 189","123 Market St","New York","10001","NY","US","Customer 189","123 Market St","New York","10001","NY","US",
#1190,customer11@example.com,paid,2026-09-08T23:28:58.579Z,fulfilled,2026-09-08T23:28:58.579Z,yes,USD,36.00,0.00,2.88,38.88,,0.00,Standard Shipping,2026-09-08T23:28:58.579Z,2,"Running Socks",18.00,22.00,SOCK-RUN-006,TRUE,TRUE,fulfilled,"Customer 190","123 Market St","New York","10001","NY","US","Customer 190","123 Market St","New York","10001","NY","US",
#1191,customer12@example.com,paid,2026-09-09T01:28:58.579Z,fulfilled,2026-09-09T01:28:58.579Z,yes,USD,28.00,0.00,2.24,30.24,,0.00,Standard Shipping,2026-09-09T01:28:58.579Z,1,"Cotton T-Shirt",28.00,32.00,TEE-COTTON-004,TRUE,TRUE,fulfilled,"Customer 191","123 Market St","New York","10001","NY","US","Customer 191","123 Market St","New York","10001","NY","US",
#1192,customer13@example.com,paid,2026-09-09T03:28:58.579Z,fulfilled,2026-09-09T03:28:58.579Z,yes,USD,180.00,0.00,14.40,194.40,,0.00,Standard Shipping,2026-09-09T03:28:58.579Z,1,"Premium Hoodie",85.00,95.00,HOODIE-PREM-001,TRUE,TRUE,fulfilled,"Customer 192","123 Market St","New York","10001","NY","US","Customer 192","123 Market St","New York","10001","NY","US","Co-purchase order"
#1192,customer13@example.com,paid,2026-09-09T03:28:58.579Z,fulfilled,2026-09-09T03:28:58.579Z,yes,USD,180.00,0.00,14.40,194.40,,0.00,Standard Shipping,2026-09-09T03:28:58.579Z,1,"Denim Jacket",95.00,110.00,JACKET-DENIM-003,TRUE,TRUE,fulfilled,"Customer 192","123 Market St","New York","10001","NY","US","Customer 192","123 Market St","New York","10001","NY","US","Co-purchase order"
#1193,customer14@example.com,paid,2026-09-09T05:28:58.579Z,fulfilled,2026-09-09T05:28:58.579Z,yes,USD,28.00,0.00,2.24,30.24,,0.00,Standard Shipping,2026-09-09T05:28:58.579Z,1,"Cotton T-Shirt",28.00,32.00,TEE-COTTON-004,TRUE,TRUE,fulfilled,"Customer 193","123 Market St","New York","10001","NY","US","Customer 193","123 Market St","New York","10001","NY","US",
#1194,customer15@example.com,paid,2026-09-09T07:28:58.579Z,fulfilled,2026-09-09T07:28:58.579Z,yes,USD,28.00,0.00,2.24,30.24,,0.00,Standard Shipping,2026-09-09T07:28:58.579Z,1,"Cotton T-Shirt",28.00,32.00,TEE-COTTON-004,TRUE,TRUE,fulfilled,"Customer 194","123 Market St","New York","10001","NY","US","Customer 194","123 Market St","New York","10001","NY","US",
#1195,customer16@example.com,paid,2026-09-09T09:28:58.579Z,fulfilled,2026-09-09T09:28:58.579Z,yes,USD,36.00,0.00,2.88,38.88,,0.00,Standard Shipping,2026-09-09T09:28:58.579Z,2,"Running Socks",18.00,22.00,SOCK-RUN-006,TRUE,TRUE,fulfilled,"Customer 195","123 Market St","New York","10001","NY","US","Customer 195","123 Market St","New York","10001","NY","US",
#1196,customer17@example.com,paid,2026-09-09T11:28:58.579Z,fulfilled,2026-09-09T11:28:58.579Z,yes,USD,85.00,0.00,6.80,91.80,,0.00,Standard Shipping,2026-09-09T11:28:58.579Z,1,"Premium Hoodie",85.00,95.00,HOODIE-PREM-001,TRUE,TRUE,fulfilled,"Customer 196","123 Market St","New York","10001","NY","US","Customer 196","123 Market St","New York","10001","NY","US",
#1197,customer18@example.com,paid,2026-09-09T13:28:58.579Z,fulfilled,2026-09-09T13:28:58.579Z,yes,USD,28.00,0.00,2.24,30.24,,0.00,Standard Shipping,2026-09-09T13:28:58.579Z,1,"Cotton T-Shirt",28.00,32.00,TEE-COTTON-004,TRUE,TRUE,fulfilled,"Customer 197","123 Market St","New York","10001","NY","US","Customer 197","123 Market St","New York","10001","NY","US",
#1198,customer19@example.com,paid,2026-09-09T15:28:58.579Z,fulfilled,2026-09-09T15:28:58.579Z,yes,USD,180.00,0.00,14.40,194.40,,0.00,Standard Shipping,2026-09-09T15:28:58.579Z,1,"Premium Hoodie",85.00,95.00,HOODIE-PREM-001,TRUE,TRUE,fulfilled,"Customer 198","123 Market St","New York","10001","NY","US","Customer 198","123 Market St","New York","10001","NY","US","Co-purchase order"
#1198,customer19@example.com,paid,2026-09-09T15:28:58.579Z,fulfilled,2026-09-09T15:28:58.579Z,yes,USD,180.00,0.00,14.40,194.40,,0.00,Standard Shipping,2026-09-09T15:28:58.579Z,1,"Denim Jacket",95.00,110.00,JACKET-DENIM-003,TRUE,TRUE,fulfilled,"Customer 198","123 Market St","New York","10001","NY","US","Customer 198","123 Market St","New York","10001","NY","US","Co-purchase order"
#1199,customer20@example.com,paid,2026-09-09T17:28:58.579Z,fulfilled,2026-09-09T17:28:58.579Z,yes,USD,28.00,0.00,2.24,30.24,,0.00,Standard Shipping,2026-09-09T17:28:58.579Z,1,"Cotton T-Shirt",28.00,32.00,TEE-COTTON-004,TRUE,TRUE,fulfilled,"Customer 199","123 Market St","New York","10001","NY","US","Customer 199","123 Market St","New York","10001","NY","US",
#1200,customer21@example.com,paid,2026-09-09T19:28:58.579Z,fulfilled,2026-09-09T19:28:58.579Z,yes,USD,36.00,0.00,2.88,38.88,,0.00,Standard Shipping,2026-09-09T19:28:58.579Z,2,"Running Socks",18.00,22.00,SOCK-RUN-006,TRUE,TRUE,fulfilled,"Customer 200","123 Market St","New York","10001","NY","US","Customer 200","123 Market St","New York","10001","NY","US",
#1201,customer22@example.com,paid,2026-09-09T21:28:58.579Z,fulfilled,2026-09-09T21:28:58.579Z,yes,USD,145.00,0.00,11.60,156.60,,0.00,Standard Shipping,2026-09-09T21:28:58.579Z,1,"Leather Backpack",145.00,165.00,BAG-LEATHER-005,TRUE,TRUE,fulfilled,"Customer 201","123 Market St","New York","10001","NY","US","Customer 201","123 Market St","New York","10001","NY","US",
#1202,customer23@example.com,paid,2026-09-09T23:28:58.579Z,fulfilled,2026-09-09T23:28:58.579Z,yes,USD,28.00,0.00,2.24,30.24,,0.00,Standard Shipping,2026-09-09T23:28:58.579Z,1,"Cotton T-Shirt",28.00,32.00,TEE-COTTON-004,TRUE,TRUE,fulfilled,"Customer 202","123 Market St","New York","10001","NY","US","Customer 202","123 Market St","New York","10001","NY","US",
#1203,customer24@example.com,paid,2026-09-10T01:28:58.579Z,fulfilled,2026-09-10T01:28:58.579Z,yes,USD,120.00,0.00,9.60,129.60,,0.00,Standard Shipping,2026-09-10T01:28:58.579Z,1,"Running Shoes",120.00,140.00,SHOE-RUN-002,TRUE,TRUE,fulfilled,"Customer 203","123 Market St","New York","10001","NY","US","Customer 203","123 Market St","New York","10001","NY","US",
#1204,customer25@example.com,paid,2026-09-10T03:28:58.579Z,fulfilled,2026-09-10T03:28:58.579Z,yes,USD,180.00,0.00,14.40,194.40,,0.00,Standard Shipping,2026-09-10T03:28:58.579Z,1,"Premium Hoodie",85.00,95.00,HOODIE-PREM-001,TRUE,TRUE,fulfilled,"Customer 204","123 Market St","New York","10001","NY","US","Customer 204","123 Market St","New York","10001","NY","US","Co-purchase order"
#1204,customer25@example.com,paid,2026-09-10T03:28:58.579Z,fulfilled,2026-09-10T03:28:58.579Z,yes,USD,180.00,0.00,14.40,194.40,,0.00,Standard Shipping,2026-09-10T03:28:58.579Z,1,"Denim Jacket",95.00,110.00,JACKET-DENIM-003,TRUE,TRUE,fulfilled,"Customer 204","123 Market St","New York","10001","NY","US","Customer 204","123 Market St","New York","10001","NY","US","Co-purchase order"
#1205,customer26@example.com,paid,2026-09-10T05:28:58.579Z,fulfilled,2026-09-10T05:28:58.579Z,yes,USD,36.00,0.00,2.88,38.88,,0.00,Standard Shipping,2026-09-10T05:28:58.579Z,2,"Running Socks",18.00,22.00,SOCK-RUN-006,TRUE,TRUE,fulfilled,"Customer 205","123 Market St","New York","10001","NY","US","Customer 205","123 Market St","New York","10001","NY","US",
#1206,customer27@example.com,paid,2026-09-10T07:28:58.579Z,fulfilled,2026-09-10T07:28:58.579Z,yes,USD,28.00,0.00,2.24,30.24,,0.00,Standard Shipping,2026-09-10T07:28:58.579Z,1,"Cotton T-Shirt",28.00,32.00,TEE-COTTON-004,TRUE,TRUE,fulfilled,"Customer 206","123 Market St","New York","10001","NY","US","Customer 206","123 Market St","New York","10001","NY","US",
#1207,customer28@example.com,paid,2026-09-10T09:28:58.579Z,fulfilled,2026-09-10T09:28:58.579Z,yes,USD,145.00,0.00,11.60,156.60,,0.00,Standard Shipping,2026-09-10T09:28:58.579Z,1,"Leather Backpack",145.00,165.00,BAG-LEATHER-005,TRUE,TRUE,fulfilled,"Customer 207","123 Market St","New York","10001","NY","US","Customer 207","123 Market St","New York","10001","NY","US",
#1208,customer29@example.com,paid,2026-09-10T11:28:58.579Z,fulfilled,2026-09-10T11:28:58.579Z,yes,USD,85.00,0.00,6.80,91.80,,0.00,Standard Shipping,2026-09-10T11:28:58.579Z,1,"Premium Hoodie",85.00,95.00,HOODIE-PREM-001,TRUE,TRUE,fulfilled,"Customer 208","123 Market St","New York","10001","NY","US","Customer 208","123 Market St","New York","10001","NY","US",
#1209,customer30@example.com,paid,2026-09-10T13:28:58.579Z,fulfilled,2026-09-10T13:28:58.579Z,yes,USD,28.00,0.00,2.24,30.24,,0.00,Standard Shipping,2026-09-10T13:28:58.579Z,1,"Cotton T-Shirt",28.00,32.00,TEE-COTTON-004,TRUE,TRUE,fulfilled,"Customer 209","123 Market St","New York","10001","NY","US","Customer 209","123 Market St","New York","10001","NY","US",
#1210,customer31@example.com,paid,2026-09-10T15:28:58.579Z,fulfilled,2026-09-10T15:28:58.579Z,yes,USD,180.00,0.00,14.40,194.40,,0.00,Standard Shipping,2026-09-10T15:28:58.579Z,1,"Premium Hoodie",85.00,95.00,HOODIE-PREM-001,TRUE,TRUE,fulfilled,"Customer 210","123 Market St","New York","10001","NY","US","Customer 210","123 Market St","New York","10001","NY","US","Co-purchase order"
#1210,customer31@example.com,paid,2026-09-10T15:28:58.579Z,fulfilled,2026-09-10T15:28:58.579Z,yes,USD,180.00,0.00,14.40,194.40,,0.00,Standard Shipping,2026-09-10T15:28:58.579Z,1,"Denim Jacket",95.00,110.00,JACKET-DENIM-003,TRUE,TRUE,fulfilled,"Customer 210","123 Market St","New York","10001","NY","US","Customer 210","123 Market St","New York","10001","NY","US","Co-purchase order"
#1211,customer32@example.com,paid,2026-09-10T17:28:58.579Z,fulfilled,2026-09-10T17:28:58.579Z,yes,USD,28.00,0.00,2.24,30.24,,0.00,Standard Shipping,2026-09-10T17:28:58.579Z,1,"Cotton T-Shirt",28.00,32.00,TEE-COTTON-004,TRUE,TRUE,fulfilled,"Customer 211","123 Market St","New York","10001","NY","US","Customer 211","123 Market St","New York","10001","NY","US",
#1212,customer33@example.com,paid,2026-09-10T19:28:58.579Z,fulfilled,2026-09-10T19:28:58.579Z,yes,USD,85.00,0.00,6.80,91.80,,0.00,Standard Shipping,2026-09-10T19:28:58.579Z,1,"Premium Hoodie",85.00,95.00,HOODIE-PREM-001,TRUE,TRUE,fulfilled,"Customer 212","123 Market St","New York","10001","NY","US","Customer 212","123 Market St","New York","10001","NY","US",
#1213,customer34@example.com,paid,2026-09-10T21:28:58.579Z,fulfilled,2026-09-10T21:28:58.579Z,yes,USD,145.00,0.00,11.60,156.60,,0.00,Standard Shipping,2026-09-10T21:28:58.579Z,1,"Leather Backpack",145.00,165.00,BAG-LEATHER-005,TRUE,TRUE,fulfilled,"Customer 213","123 Market St","New York","10001","NY","US","Customer 213","123 Market St","New York","10001","NY","US",
#1214,customer35@example.com,paid,2026-09-10T23:28:58.579Z,fulfilled,2026-09-10T23:28:58.579Z,yes,USD,28.00,0.00,2.24,30.24,,0.00,Standard Shipping,2026-09-10T23:28:58.579Z,1,"Cotton T-Shirt",28.00,32.00,TEE-COTTON-004,TRUE,TRUE,fulfilled,"Customer 214","123 Market St","New York","10001","NY","US","Customer 214","123 Market St","New York","10001","NY","US",
#1215,customer36@example.com,paid,2026-09-11T01:28:58.579Z,fulfilled,2026-09-11T01:28:58.579Z,yes,USD,36.00,0.00,2.88,38.88,,0.00,Standard Shipping,2026-09-11T01:28:58.579Z,2,"Running Socks",18.00,22.00,SOCK-RUN-006,TRUE,TRUE,fulfilled,"Customer 215","123 Market St","New York","10001","NY","US","Customer 215","123 Market St","New York","10001","NY","US",
#1216,customer37@example.com,paid,2026-09-11T03:28:58.579Z,fulfilled,2026-09-11T03:28:58.579Z,yes,USD,180.00,0.00,14.40,194.40,,0.00,Standard Shipping,2026-09-11T03:28:58.579Z,1,"Premium Hoodie",85.00,95.00,HOODIE-PREM-001,TRUE,TRUE,fulfilled,"Customer 216","123 Market St","New York","10001","NY","US","Customer 216","123 Market St","New York","10001","NY","US","Co-purchase order"
#1216,customer37@example.com,paid,2026-09-11T03:28:58.579Z,fulfilled,2026-09-11T03:28:58.579Z,yes,USD,180.00,0.00,14.40,194.40,,0.00,Standard Shipping,2026-09-11T03:28:58.579Z,1,"Denim Jacket",95.00,110.00,JACKET-DENIM-003,TRUE,TRUE,fulfilled,"Customer 216","123 Market St","New York","10001","NY","US","Customer 216","123 Market St","New York","10001","NY","US","Co-purchase order"
#1217,customer38@example.com,paid,2026-09-11T05:28:58.579Z,fulfilled,2026-09-11T05:28:58.579Z,yes,USD,120.00,0.00,9.60,129.60,,0.00,Standard Shipping,2026-09-11T05:28:58.579Z,1,"Running Shoes",120.00,140.00,SHOE-RUN-002,TRUE,TRUE,fulfilled,"Customer 217","123 Market St","New York","10001","NY","US","Customer 217","123 Market St","New York","10001","NY","US",
#1218,customer39@example.com,paid,2026-09-11T07:28:58.579Z,fulfilled,2026-09-11T07:28:58.579Z,yes,USD,28.00,0.00,2.24,30.24,,0.00,Standard Shipping,2026-09-11T07:28:58.579Z,1,"Cotton T-Shirt",28.00,32.00,TEE-COTTON-004,TRUE,TRUE,fulfilled,"Customer 218","123 Market St","New York","10001","NY","US","Customer 218","123 Market St","New York","10001","NY","US",
#1219,customer40@example.com,paid,2026-09-11T09:28:58.579Z,fulfilled,2026-09-11T09:28:58.579Z,yes,USD,145.00,0.00,11.60,156.60,,0.00,Standard Shipping,2026-09-11T09:28:58.579Z,1,"Leather Backpack",145.00,165.00,BAG-LEATHER-005,TRUE,TRUE,fulfilled,"Customer 219","123 Market St","New York","10001","NY","US","Customer 219","123 Market St","New York","10001","NY","US",
#1220,customer41@example.com,paid,2026-09-11T11:28:58.579Z,fulfilled,2026-09-11T11:28:58.579Z,yes,USD,36.00,0.00,2.88,38.88,,0.00,Standard Shipping,2026-09-11T11:28:58.579Z,2,"Running Socks",18.00,22.00,SOCK-RUN-006,TRUE,TRUE,fulfilled,"Customer 220","123 Market St","New York","10001","NY","US","Customer 220","123 Market St","New York","10001","NY","US",
#1221,customer42@example.com,paid,2026-09-11T13:28:58.579Z,fulfilled,2026-09-11T13:28:58.579Z,yes,USD,28.00,0.00,2.24,30.24,,0.00,Standard Shipping,2026-09-11T13:28:58.579Z,1,"Cotton T-Shirt",28.00,32.00,TEE-COTTON-004,TRUE,TRUE,fulfilled,"Customer 221","123 Market St","New York","10001","NY","US","Customer 221","123 Market St","New York","10001","NY","US",
#1222,customer43@example.com,paid,2026-09-11T15:28:58.579Z,fulfilled,2026-09-11T15:28:58.579Z,yes,USD,180.00,0.00,14.40,194.40,,0.00,Standard Shipping,2026-09-11T15:28:58.579Z,1,"Premium Hoodie",85.00,95.00,HOODIE-PREM-001,TRUE,TRUE,fulfilled,"Customer 222","123 Market St","New York","10001","NY","US","Customer 222","123 Market St","New York","10001","NY","US","Co-purchase order"
#1222,customer43@example.com,paid,2026-09-11T15:28:58.579Z,fulfilled,2026-09-11T15:28:58.579Z,yes,USD,180.00,0.00,14.40,194.40,,0.00,Standard Shipping,2026-09-11T15:28:58.579Z,1,"Denim Jacket",95.00,110.00,JACKET-DENIM-003,TRUE,TRUE,fulfilled,"Customer 222","123 Market St","New York","10001","NY","US","Customer 222","123 Market St","New York","10001","NY","US","Co-purchase order"
#1223,customer44@example.com,paid,2026-09-11T17:28:58.579Z,fulfilled,2026-09-11T17:28:58.579Z,yes,USD,28.00,0.00,2.24,30.24,,0.00,Standard Shipping,2026-09-11T17:28:58.579Z,1,"Cotton T-Shirt",28.00,32.00,TEE-COTTON-004,TRUE,TRUE,fulfilled,"Customer 223","123 Market St","New York","10001","NY","US","Customer 223","123 Market St","New York","10001","NY","US",
#1224,customer45@example.com,paid,2026-09-11T19:28:58.579Z,fulfilled,2026-09-11T19:28:58.579Z,yes,USD,85.00,0.00,6.80,91.80,,0.00,Standard Shipping,2026-09-11T19:28:58.579Z,1,"Premium Hoodie",85.00,95.00,HOODIE-PREM-001,TRUE,TRUE,fulfilled,"Customer 224","123 Market St","New York","10001","NY","US","Customer 224","123 Market St","New York","10001","NY","US",
#1225,customer46@example.com,paid,2026-09-11T21:28:58.579Z,fulfilled,2026-09-11T21:28:58.579Z,yes,USD,36.00,0.00,2.88,38.88,,0.00,Standard Shipping,2026-09-11T21:28:58.579Z,2,"Running Socks",18.00,22.00,SOCK-RUN-006,TRUE,TRUE,fulfilled,"Customer 225","123 Market St","New York","10001","NY","US","Customer 225","123 Market St","New York","10001","NY","US",
#1226,customer47@example.com,paid,2026-09-11T23:28:58.579Z,fulfilled,2026-09-11T23:28:58.579Z,yes,USD,28.00,0.00,2.24,30.24,,0.00,Standard Shipping,2026-09-11T23:28:58.579Z,1,"Cotton T-Shirt",28.00,32.00,TEE-COTTON-004,TRUE,TRUE,fulfilled,"Customer 226","123 Market St","New York","10001","NY","US","Customer 226","123 Market St","New York","10001","NY","US",
#1227,customer48@example.com,paid,2026-09-12T01:28:58.579Z,fulfilled,2026-09-12T01:28:58.579Z,yes,USD,28.00,0.00,2.24,30.24,,0.00,Standard Shipping,2026-09-12T01:28:58.579Z,1,"Cotton T-Shirt",28.00,32.00,TEE-COTTON-004,TRUE,TRUE,fulfilled,"Customer 227","123 Market St","New York","10001","NY","US","Customer 227","123 Market St","New York","10001","NY","US",
#1228,customer49@example.com,paid,2026-09-12T03:28:58.579Z,fulfilled,2026-09-12T03:28:58.579Z,yes,USD,180.00,0.00,14.40,194.40,,0.00,Standard Shipping,2026-09-12T03:28:58.579Z,1,"Premium Hoodie",85.00,95.00,HOODIE-PREM-001,TRUE,TRUE,fulfilled,"Customer 228","123 Market St","New York","10001","NY","US","Customer 228","123 Market St","New York","10001","NY","US","Co-purchase order"
#1228,customer49@example.com,paid,2026-09-12T03:28:58.579Z,fulfilled,2026-09-12T03:28:58.579Z,yes,USD,180.00,0.00,14.40,194.40,,0.00,Standard Shipping,2026-09-12T03:28:58.579Z,1,"Denim Jacket",95.00,110.00,JACKET-DENIM-003,TRUE,TRUE,fulfilled,"Customer 228","123 Market St","New York","10001","NY","US","Customer 228","123 Market St","New York","10001","NY","US","Co-purchase order"
#1229,customer50@example.com,paid,2026-09-12T05:28:58.579Z,fulfilled,2026-09-12T05:28:58.579Z,yes,USD,28.00,0.00,2.24,30.24,,0.00,Standard Shipping,2026-09-12T05:28:58.579Z,1,"Cotton T-Shirt",28.00,32.00,TEE-COTTON-004,TRUE,TRUE,fulfilled,"Customer 229","123 Market St","New York","10001","NY","US","Customer 229","123 Market St","New York","10001","NY","US",
#1230,customer51@example.com,paid,2026-09-12T07:28:58.579Z,fulfilled,2026-09-12T07:28:58.579Z,yes,USD,36.00,0.00,2.88,38.88,,0.00,Standard Shipping,2026-09-12T07:28:58.579Z,2,"Running Socks",18.00,22.00,SOCK-RUN-006,TRUE,TRUE,fulfilled,"Customer 230","123 Market St","New York","10001","NY","US","Customer 230","123 Market St","New York","10001","NY","US",
#1231,customer52@example.com,paid,2026-09-12T09:28:58.579Z,fulfilled,2026-09-12T09:28:58.579Z,yes,USD,120.00,0.00,9.60,129.60,,0.00,Standard Shipping,2026-09-12T09:28:58.579Z,1,"Running Shoes",120.00,140.00,SHOE-RUN-002,TRUE,TRUE,fulfilled,"Customer 231","123 Market St","New York","10001","NY","US","Customer 231","123 Market St","New York","10001","NY","US",
#1232,customer53@example.com,paid,2026-09-12T11:28:58.579Z,fulfilled,2026-09-12T11:28:58.579Z,yes,USD,85.00,0.00,6.80,91.80,,0.00,Standard Shipping,2026-09-12T11:28:58.579Z,1,"Premium Hoodie",85.00,95.00,HOODIE-PREM-001,TRUE,TRUE,fulfilled,"Customer 232","123 Market St","New York","10001","NY","US","Customer 232","123 Market St","New York","10001","NY","US",
#1233,customer54@example.com,paid,2026-09-12T13:28:58.579Z,fulfilled,2026-09-12T13:28:58.579Z,yes,USD,28.00,0.00,2.24,30.24,,0.00,Standard Shipping,2026-09-12T13:28:58.579Z,1,"Cotton T-Shirt",28.00,32.00,TEE-COTTON-004,TRUE,TRUE,fulfilled,"Customer 233","123 Market St","New York","10001","NY","US","Customer 233","123 Market St","New York","10001","NY","US",
#1234,customer55@example.com,paid,2026-09-12T15:28:58.579Z,fulfilled,2026-09-12T15:28:58.579Z,yes,USD,180.00,0.00,14.40,194.40,,0.00,Standard Shipping,2026-09-12T15:28:58.579Z,1,"Premium Hoodie",85.00,95.00,HOODIE-PREM-001,TRUE,TRUE,fulfilled,"Customer 234","123 Market St","New York","10001","NY","US","Customer 234","123 Market St","New York","10001","NY","US","Co-purchase order"
#1234,customer55@example.com,paid,2026-09-12T15:28:58.579Z,fulfilled,2026-09-12T15:28:58.579Z,yes,USD,180.00,0.00,14.40,194.40,,0.00,Standard Shipping,2026-09-12T15:28:58.579Z,1,"Denim Jacket",95.00,110.00,JACKET-DENIM-003,TRUE,TRUE,fulfilled,"Customer 234","123 Market St","New York","10001","NY","US","Customer 234","123 Market St","New York","10001","NY","US","Co-purchase order"
#1235,customer56@example.com,paid,2026-09-12T17:28:58.579Z,fulfilled,2026-09-12T17:28:58.579Z,yes,USD,36.00,0.00,2.88,38.88,,0.00,Standard Shipping,2026-09-12T17:28:58.579Z,2,"Running Socks",18.00,22.00,SOCK-RUN-006,TRUE,TRUE,fulfilled,"Customer 235","123 Market St","New York","10001","NY","US","Customer 235","123 Market St","New York","10001","NY","US",
#1236,customer57@example.com,paid,2026-09-12T19:28:58.579Z,fulfilled,2026-09-12T19:28:58.579Z,yes,USD,85.00,0.00,6.80,91.80,,0.00,Standard Shipping,2026-09-12T19:28:58.579Z,1,"Premium Hoodie",85.00,95.00,HOODIE-PREM-001,TRUE,TRUE,fulfilled,"Customer 236","123 Market St","New York","10001","NY","US","Customer 236","123 Market St","New York","10001","NY","US",
#1237,customer58@example.com,paid,2026-09-12T21:28:58.579Z,fulfilled,2026-09-12T21:28:58.579Z,yes,USD,145.00,0.00,11.60,156.60,,0.00,Standard Shipping,2026-09-12T21:28:58.579Z,1,"Leather Backpack",145.00,165.00,BAG-LEATHER-005,TRUE,TRUE,fulfilled,"Customer 237","123 Market St","New York","10001","NY","US","Customer 237","123 Market St","New York","10001","NY","US",
#1238,customer59@example.com,paid,2026-09-12T23:28:58.579Z,fulfilled,2026-09-12T23:28:58.579Z,yes,USD,120.00,0.00,9.60,129.60,,0.00,Standard Shipping,2026-09-12T23:28:58.579Z,1,"Running Shoes",120.00,140.00,SHOE-RUN-002,TRUE,TRUE,fulfilled,"Customer 238","123 Market St","New York","10001","NY","US","Customer 238","123 Market St","New York","10001","NY","US",
#1239,customer60@example.com,paid,2026-09-13T01:28:58.579Z,fulfilled,2026-09-13T01:28:58.579Z,yes,USD,28.00,0.00,2.24,30.24,,0.00,Standard Shipping,2026-09-13T01:28:58.579Z,1,"Cotton T-Shirt",28.00,32.00,TEE-COTTON-004,TRUE,TRUE,fulfilled,"Customer 239","123 Market St","New York","10001","NY","US","Customer 239","123 Market St","New York","10001","NY","US",
#1240,customer1@example.com,paid,2026-09-13T03:28:58.579Z,fulfilled,2026-09-13T03:28:58.579Z,yes,USD,180.00,0.00,14.40,194.40,,0.00,Standard Shipping,2026-09-13T03:28:58.579Z,1,"Premium Hoodie",85.00,95.00,HOODIE-PREM-001,TRUE,TRUE,fulfilled,"Customer 240","123 Market St","New York","10001","NY","US","Customer 240","123 Market St","New York","10001","NY","US","Co-purchase order"
#1240,customer1@example.com,paid,2026-09-13T03:28:58.579Z,fulfilled,2026-09-13T03:28:58.579Z,yes,USD,180.00,0.00,14.40,194.40,,0.00,Standard Shipping,2026-09-13T03:28:58.579Z,1,"Denim Jacket",95.00,110.00,JACKET-DENIM-003,TRUE,TRUE,fulfilled,"Customer 240","123 Market St","New York","10001","NY","US","Customer 240","123 Market St","New York","10001","NY","US","Co-purchase order"
#1241,customer2@example.com,paid,2026-09-13T05:28:58.579Z,fulfilled,2026-09-13T05:28:58.579Z,yes,USD,28.00,0.00,2.24,30.24,,0.00,Standard Shipping,2026-09-13T05:28:58.579Z,1,"Cotton T-Shirt",28.00,32.00,TEE-COTTON-004,TRUE,TRUE,fulfilled,"Customer 241","123 Market St","New York","10001","NY","US","Customer 241","123 Market St","New York","10001","NY","US",
#1242,customer3@example.com,paid,2026-09-13T07:28:58.579Z,fulfilled,2026-09-13T07:28:58.579Z,yes,USD,28.00,0.00,2.24,30.24,,0.00,Standard Shipping,2026-09-13T07:28:58.579Z,1,"Cotton T-Shirt",28.00,32.00,TEE-COTTON-004,TRUE,TRUE,fulfilled,"Customer 242","123 Market St","New York","10001","NY","US","Customer 242","123 Market St","New York","10001","NY","US",
#1243,customer4@example.com,paid,2026-09-13T09:28:58.579Z,fulfilled,2026-09-13T09:28:58.579Z,yes,USD,145.00,0.00,11.60,156.60,,0.00,Standard Shipping,2026-09-13T09:28:58.579Z,1,"Leather Backpack",145.00,165.00,BAG-LEATHER-005,TRUE,TRUE,fulfilled,"Customer 243","123 Market St","New York","10001","NY","US","Customer 243","123 Market St","New York","10001","NY","US",
#1244,customer5@example.com,paid,2026-09-13T11:28:58.579Z,fulfilled,2026-09-13T11:28:58.579Z,yes,USD,85.00,0.00,6.80,91.80,,0.00,Standard Shipping,2026-09-13T11:28:58.579Z,1,"Premium Hoodie",85.00,95.00,HOODIE-PREM-001,TRUE,TRUE,fulfilled,"Customer 244","123 Market St","New York","10001","NY","US","Customer 244","123 Market St","New York","10001","NY","US",
#1245,customer6@example.com,paid,2026-09-13T13:28:58.579Z,fulfilled,2026-09-13T13:28:58.579Z,yes,USD,36.00,0.00,2.88,38.88,,0.00,Standard Shipping,2026-09-13T13:28:58.579Z,2,"Running Socks",18.00,22.00,SOCK-RUN-006,TRUE,TRUE,fulfilled,"Customer 245","123 Market St","New York","10001","NY","US","Customer 245","123 Market St","New York","10001","NY","US",
#1246,customer7@example.com,paid,2026-09-13T15:28:58.579Z,fulfilled,2026-09-13T15:28:58.579Z,yes,USD,180.00,0.00,14.40,194.40,,0.00,Standard Shipping,2026-09-13T15:28:58.579Z,1,"Premium Hoodie",85.00,95.00,HOODIE-PREM-001,TRUE,TRUE,fulfilled,"Customer 246","123 Market St","New York","10001","NY","US","Customer 246","123 Market St","New York","10001","NY","US","Co-purchase order"
#1246,customer7@example.com,paid,2026-09-13T15:28:58.579Z,fulfilled,2026-09-13T15:28:58.579Z,yes,USD,180.00,0.00,14.40,194.40,,0.00,Standard Shipping,2026-09-13T15:28:58.579Z,1,"Denim Jacket",95.00,110.00,JACKET-DENIM-003,TRUE,TRUE,fulfilled,"Customer 246","123 Market St","New York","10001","NY","US","Customer 246","123 Market St","New York","10001","NY","US","Co-purchase order"
#1247,customer8@example.com,paid,2026-09-13T17:28:58.579Z,fulfilled,2026-09-13T17:28:58.579Z,yes,USD,28.00,0.00,2.24,30.24,,0.00,Standard Shipping,2026-09-13T17:28:58.579Z,1,"Cotton T-Shirt",28.00,32.00,TEE-COTTON-004,TRUE,TRUE,fulfilled,"Customer 247","123 Market St","New York","10001","NY","US","Customer 247","123 Market St","New York","10001","NY","US",
#1248,customer9@example.com,paid,2026-09-13T19:28:58.579Z,fulfilled,2026-09-13T19:28:58.579Z,yes,USD,85.00,0.00,6.80,91.80,,0.00,Standard Shipping,2026-09-13T19:28:58.579Z,1,"Premium Hoodie",85.00,95.00,HOODIE-PREM-001,TRUE,TRUE,fulfilled,"Customer 248","123 Market St","New York","10001","NY","US","Customer 248","123 Market St","New York","10001","NY","US",
#1249,customer10@example.com,paid,2026-09-13T21:28:58.579Z,fulfilled,2026-09-13T21:28:58.579Z,yes,USD,145.00,0.00,11.60,156.60,,0.00,Standard Shipping,2026-09-13T21:28:58.579Z,1,"Leather Backpack",145.00,165.00,BAG-LEATHER-005,TRUE,TRUE,fulfilled,"Customer 249","123 Market St","New York","10001","NY","US","Customer 249","123 Market St","New York","10001","NY","US",
#1250,customer11@example.com,paid,2026-09-13T23:28:58.579Z,fulfilled,2026-09-13T23:28:58.579Z,yes,USD,36.00,0.00,2.88,38.88,,0.00,Standard Shipping,2026-09-13T23:28:58.579Z,2,"Running Socks",18.00,22.00,SOCK-RUN-006,TRUE,TRUE,fulfilled,"Customer 250","123 Market St","New York","10001","NY","US","Customer 250","123 Market St","New York","10001","NY","US",
#1251,customer12@example.com,paid,2026-09-14T01:28:58.579Z,fulfilled,2026-09-14T01:28:58.579Z,yes,USD,28.00,0.00,2.24,30.24,,0.00,Standard Shipping,2026-09-14T01:28:58.579Z,1,"Cotton T-Shirt",28.00,32.00,TEE-COTTON-004,TRUE,TRUE,fulfilled,"Customer 251","123 Market St","New York","10001","NY","US","Customer 251","123 Market St","New York","10001","NY","US",
#1252,customer13@example.com,paid,2026-09-14T03:28:58.579Z,fulfilled,2026-09-14T03:28:58.579Z,yes,USD,180.00,0.00,14.40,194.40,,0.00,Standard Shipping,2026-09-14T03:28:58.579Z,1,"Premium Hoodie",85.00,95.00,HOODIE-PREM-001,TRUE,TRUE,fulfilled,"Customer 252","123 Market St","New York","10001","NY","US","Customer 252","123 Market St","New York","10001","NY","US","Co-purchase order"
#1252,customer13@example.com,paid,2026-09-14T03:28:58.579Z,fulfilled,2026-09-14T03:28:58.579Z,yes,USD,180.00,0.00,14.40,194.40,,0.00,Standard Shipping,2026-09-14T03:28:58.579Z,1,"Denim Jacket",95.00,110.00,JACKET-DENIM-003,TRUE,TRUE,fulfilled,"Customer 252","123 Market St","New York","10001","NY","US","Customer 252","123 Market St","New York","10001","NY","US","Co-purchase order"
#1253,customer14@example.com,paid,2026-09-14T05:28:58.579Z,fulfilled,2026-09-14T05:28:58.579Z,yes,USD,28.00,0.00,2.24,30.24,,0.00,Standard Shipping,2026-09-14T05:28:58.579Z,1,"Cotton T-Shirt",28.00,32.00,TEE-COTTON-004,TRUE,TRUE,fulfilled,"Customer 253","123 Market St","New York","10001","NY","US","Customer 253","123 Market St","New York","10001","NY","US",
#1254,customer15@example.com,paid,2026-09-14T07:28:58.579Z,fulfilled,2026-09-14T07:28:58.579Z,yes,USD,28.00,0.00,2.24,30.24,,0.00,Standard Shipping,2026-09-14T07:28:58.579Z,1,"Cotton T-Shirt",28.00,32.00,TEE-COTTON-004,TRUE,TRUE,fulfilled,"Customer 254","123 Market St","New York","10001","NY","US","Customer 254","123 Market St","New York","10001","NY","US",
#1255,customer16@example.com,paid,2026-09-14T09:28:58.579Z,fulfilled,2026-09-14T09:28:58.579Z,yes,USD,36.00,0.00,2.88,38.88,,0.00,Standard Shipping,2026-09-14T09:28:58.579Z,2,"Running Socks",18.00,22.00,SOCK-RUN-006,TRUE,TRUE,fulfilled,"Customer 255","123 Market St","New York","10001","NY","US","Customer 255","123 Market St","New York","10001","NY","US",
#1256,customer17@example.com,paid,2026-09-14T11:28:58.579Z,fulfilled,2026-09-14T11:28:58.579Z,yes,USD,85.00,0.00,6.80,91.80,,0.00,Standard Shipping,2026-09-14T11:28:58.579Z,1,"Premium Hoodie",85.00,95.00,HOODIE-PREM-001,TRUE,TRUE,fulfilled,"Customer 256","123 Market St","New York","10001","NY","US","Customer 256","123 Market St","New York","10001","NY","US",
#1257,customer18@example.com,paid,2026-09-14T13:28:58.579Z,fulfilled,2026-09-14T13:28:58.579Z,yes,USD,28.00,0.00,2.24,30.24,,0.00,Standard Shipping,2026-09-14T13:28:58.579Z,1,"Cotton T-Shirt",28.00,32.00,TEE-COTTON-004,TRUE,TRUE,fulfilled,"Customer 257","123 Market St","New York","10001","NY","US","Customer 257","123 Market St","New York","10001","NY","US",
#1258,customer19@example.com,paid,2026-09-14T15:28:58.579Z,fulfilled,2026-09-14T15:28:58.579Z,yes,USD,180.00,0.00,14.40,194.40,,0.00,Standard Shipping,2026-09-14T15:28:58.579Z,1,"Premium Hoodie",85.00,95.00,HOODIE-PREM-001,TRUE,TRUE,fulfilled,"Customer 258","123 Market St","New York","10001","NY","US","Customer 258","123 Market St","New York","10001","NY","US","Co-purchase order"
#1258,customer19@example.com,paid,2026-09-14T15:28:58.579Z,fulfilled,2026-09-14T15:28:58.579Z,yes,USD,180.00,0.00,14.40,194.40,,0.00,Standard Shipping,2026-09-14T15:28:58.579Z,1,"Denim Jacket",95.00,110.00,JACKET-DENIM-003,TRUE,TRUE,fulfilled,"Customer 258","123 Market St","New York","10001","NY","US","Customer 258","123 Market St","New York","10001","NY","US","Co-purchase order"
#1259,customer20@example.com,paid,2026-09-14T17:28:58.579Z,fulfilled,2026-09-14T17:28:58.579Z,yes,USD,120.00,0.00,9.60,129.60,,0.00,Standard Shipping,2026-09-14T17:28:58.579Z,1,"Running Shoes",120.00,140.00,SHOE-RUN-002,TRUE,TRUE,fulfilled,"Customer 259","123 Market St","New York","10001","NY","US","Customer 259","123 Market St","New York","10001","NY","US",
#1260,customer21@example.com,paid,2026-09-14T19:28:58.579Z,fulfilled,2026-09-14T19:28:58.579Z,yes,USD,36.00,0.00,2.88,38.88,,0.00,Standard Shipping,2026-09-14T19:28:58.579Z,2,"Running Socks",18.00,22.00,SOCK-RUN-006,TRUE,TRUE,fulfilled,"Customer 260","123 Market St","New York","10001","NY","US","Customer 260","123 Market St","New York","10001","NY","US",
#1261,customer22@example.com,paid,2026-09-14T21:28:58.579Z,fulfilled,2026-09-14T21:28:58.579Z,yes,USD,145.00,0.00,11.60,156.60,,0.00,Standard Shipping,2026-09-14T21:28:58.579Z,1,"Leather Backpack",145.00,165.00,BAG-LEATHER-005,TRUE,TRUE,fulfilled,"Customer 261","123 Market St","New York","10001","NY","US","Customer 261","123 Market St","New York","10001","NY","US",
#1262,customer23@example.com,paid,2026-09-14T23:28:58.579Z,fulfilled,2026-09-14T23:28:58.579Z,yes,USD,28.00,0.00,2.24,30.24,,0.00,Standard Shipping,2026-09-14T23:28:58.579Z,1,"Cotton T-Shirt",28.00,32.00,TEE-COTTON-004,TRUE,TRUE,fulfilled,"Customer 262","123 Market St","New York","10001","NY","US","Customer 262","123 Market St","New York","10001","NY","US",
#1263,customer24@example.com,paid,2026-09-15T01:28:58.579Z,fulfilled,2026-09-15T01:28:58.579Z,yes,USD,28.00,0.00,2.24,30.24,,0.00,Standard Shipping,2026-09-15T01:28:58.579Z,1,"Cotton T-Shirt",28.00,32.00,TEE-COTTON-004,TRUE,TRUE,fulfilled,"Customer 263","123 Market St","New York","10001","NY","US","Customer 263","123 Market St","New York","10001","NY","US",
#1264,customer25@example.com,paid,2026-09-15T03:28:58.579Z,fulfilled,2026-09-15T03:28:58.579Z,yes,USD,180.00,0.00,14.40,194.40,,0.00,Standard Shipping,2026-09-15T03:28:58.579Z,1,"Premium Hoodie",85.00,95.00,HOODIE-PREM-001,TRUE,TRUE,fulfilled,"Customer 264","123 Market St","New York","10001","NY","US","Customer 264","123 Market St","New York","10001","NY","US","Co-purchase order"
#1264,customer25@example.com,paid,2026-09-15T03:28:58.579Z,fulfilled,2026-09-15T03:28:58.579Z,yes,USD,180.00,0.00,14.40,194.40,,0.00,Standard Shipping,2026-09-15T03:28:58.579Z,1,"Denim Jacket",95.00,110.00,JACKET-DENIM-003,TRUE,TRUE,fulfilled,"Customer 264","123 Market St","New York","10001","NY","US","Customer 264","123 Market St","New York","10001","NY","US","Co-purchase order"
#1265,customer26@example.com,paid,2026-09-15T05:28:58.579Z,fulfilled,2026-09-15T05:28:58.579Z,yes,USD,36.00,0.00,2.88,38.88,,0.00,Standard Shipping,2026-09-15T05:28:58.579Z,2,"Running Socks",18.00,22.00,SOCK-RUN-006,TRUE,TRUE,fulfilled,"Customer 265","123 Market St","New York","10001","NY","US","Customer 265","123 Market St","New York","10001","NY","US",
#1266,customer27@example.com,paid,2026-09-15T07:28:58.579Z,fulfilled,2026-09-15T07:28:58.579Z,yes,USD,120.00,0.00,9.60,129.60,,0.00,Standard Shipping,2026-09-15T07:28:58.579Z,1,"Running Shoes",120.00,140.00,SHOE-RUN-002,TRUE,TRUE,fulfilled,"Customer 266","123 Market St","New York","10001","NY","US","Customer 266","123 Market St","New York","10001","NY","US",
#1267,customer28@example.com,paid,2026-09-15T09:28:58.579Z,fulfilled,2026-09-15T09:28:58.579Z,yes,USD,145.00,0.00,11.60,156.60,,0.00,Standard Shipping,2026-09-15T09:28:58.579Z,1,"Leather Backpack",145.00,165.00,BAG-LEATHER-005,TRUE,TRUE,fulfilled,"Customer 267","123 Market St","New York","10001","NY","US","Customer 267","123 Market St","New York","10001","NY","US",
#1268,customer29@example.com,paid,2026-09-15T11:28:58.579Z,fulfilled,2026-09-15T11:28:58.579Z,yes,USD,85.00,0.00,6.80,91.80,,0.00,Standard Shipping,2026-09-15T11:28:58.579Z,1,"Premium Hoodie",85.00,95.00,HOODIE-PREM-001,TRUE,TRUE,fulfilled,"Customer 268","123 Market St","New York","10001","NY","US","Customer 268","123 Market St","New York","10001","NY","US",
#1269,customer30@example.com,paid,2026-09-15T13:28:58.579Z,fulfilled,2026-09-15T13:28:58.579Z,yes,USD,28.00,0.00,2.24,30.24,,0.00,Standard Shipping,2026-09-15T13:28:58.579Z,1,"Cotton T-Shirt",28.00,32.00,TEE-COTTON-004,TRUE,TRUE,fulfilled,"Customer 269","123 Market St","New York","10001","NY","US","Customer 269","123 Market St","New York","10001","NY","US",
#1270,customer31@example.com,paid,2026-09-15T15:28:58.579Z,fulfilled,2026-09-15T15:28:58.579Z,yes,USD,180.00,0.00,14.40,194.40,,0.00,Standard Shipping,2026-09-15T15:28:58.579Z,1,"Premium Hoodie",85.00,95.00,HOODIE-PREM-001,TRUE,TRUE,fulfilled,"Customer 270","123 Market St","New York","10001","NY","US","Customer 270","123 Market St","New York","10001","NY","US","Co-purchase order"
#1270,customer31@example.com,paid,2026-09-15T15:28:58.579Z,fulfilled,2026-09-15T15:28:58.579Z,yes,USD,180.00,0.00,14.40,194.40,,0.00,Standard Shipping,2026-09-15T15:28:58.579Z,1,"Denim Jacket",95.00,110.00,JACKET-DENIM-003,TRUE,TRUE,fulfilled,"Customer 270","123 Market St","New York","10001","NY","US","Customer 270","123 Market St","New York","10001","NY","US","Co-purchase order"
#1271,customer32@example.com,paid,2026-09-15T17:28:58.579Z,fulfilled,2026-09-15T17:28:58.579Z,yes,USD,28.00,0.00,2.24,30.24,,0.00,Standard Shipping,2026-09-15T17:28:58.579Z,1,"Cotton T-Shirt",28.00,32.00,TEE-COTTON-004,TRUE,TRUE,fulfilled,"Customer 271","123 Market St","New York","10001","NY","US","Customer 271","123 Market St","New York","10001","NY","US",
#1272,customer33@example.com,paid,2026-09-15T19:28:58.579Z,fulfilled,2026-09-15T19:28:58.579Z,yes,USD,85.00,0.00,6.80,91.80,,0.00,Standard Shipping,2026-09-15T19:28:58.579Z,1,"Premium Hoodie",85.00,95.00,HOODIE-PREM-001,TRUE,TRUE,fulfilled,"Customer 272","123 Market St","New York","10001","NY","US","Customer 272","123 Market St","New York","10001","NY","US",
#1273,customer34@example.com,paid,2026-09-15T21:28:58.579Z,fulfilled,2026-09-15T21:28:58.579Z,yes,USD,120.00,0.00,9.60,129.60,,0.00,Standard Shipping,2026-09-15T21:28:58.579Z,1,"Running Shoes",120.00,140.00,SHOE-RUN-002,TRUE,TRUE,fulfilled,"Customer 273","123 Market St","New York","10001","NY","US","Customer 273","123 Market St","New York","10001","NY","US",
#1274,customer35@example.com,paid,2026-09-15T23:28:58.579Z,fulfilled,2026-09-15T23:28:58.579Z,yes,USD,28.00,0.00,2.24,30.24,,0.00,Standard Shipping,2026-09-15T23:28:58.579Z,1,"Cotton T-Shirt",28.00,32.00,TEE-COTTON-004,TRUE,TRUE,fulfilled,"Customer 274","123 Market St","New York","10001","NY","US","Customer 274","123 Market St","New York","10001","NY","US",
#1275,customer36@example.com,paid,2026-09-16T01:28:58.579Z,fulfilled,2026-09-16T01:28:58.579Z,yes,USD,36.00,0.00,2.88,38.88,,0.00,Standard Shipping,2026-09-16T01:28:58.579Z,2,"Running Socks",18.00,22.00,SOCK-RUN-006,TRUE,TRUE,fulfilled,"Customer 275","123 Market St","New York","10001","NY","US","Customer 275","123 Market St","New York","10001","NY","US",
#1276,customer37@example.com,paid,2026-09-16T03:28:58.579Z,fulfilled,2026-09-16T03:28:58.579Z,yes,USD,180.00,0.00,14.40,194.40,,0.00,Standard Shipping,2026-09-16T03:28:58.579Z,1,"Premium Hoodie",85.00,95.00,HOODIE-PREM-001,TRUE,TRUE,fulfilled,"Customer 276","123 Market St","New York","10001","NY","US","Customer 276","123 Market St","New York","10001","NY","US","Co-purchase order"
#1276,customer37@example.com,paid,2026-09-16T03:28:58.579Z,fulfilled,2026-09-16T03:28:58.579Z,yes,USD,180.00,0.00,14.40,194.40,,0.00,Standard Shipping,2026-09-16T03:28:58.579Z,1,"Denim Jacket",95.00,110.00,JACKET-DENIM-003,TRUE,TRUE,fulfilled,"Customer 276","123 Market St","New York","10001","NY","US","Customer 276","123 Market St","New York","10001","NY","US","Co-purchase order"
#1277,customer38@example.com,paid,2026-09-16T05:28:58.579Z,fulfilled,2026-09-16T05:28:58.579Z,yes,USD,28.00,0.00,2.24,30.24,,0.00,Standard Shipping,2026-09-16T05:28:58.579Z,1,"Cotton T-Shirt",28.00,32.00,TEE-COTTON-004,TRUE,TRUE,fulfilled,"Customer 277","123 Market St","New York","10001","NY","US","Customer 277","123 Market St","New York","10001","NY","US",
#1278,customer39@example.com,paid,2026-09-16T07:28:58.579Z,fulfilled,2026-09-16T07:28:58.579Z,yes,USD,28.00,0.00,2.24,30.24,,0.00,Standard Shipping,2026-09-16T07:28:58.579Z,1,"Cotton T-Shirt",28.00,32.00,TEE-COTTON-004,TRUE,TRUE,fulfilled,"Customer 278","123 Market St","New York","10001","NY","US","Customer 278","123 Market St","New York","10001","NY","US",
#1279,customer40@example.com,paid,2026-09-16T09:28:58.579Z,fulfilled,2026-09-16T09:28:58.579Z,yes,USD,145.00,0.00,11.60,156.60,,0.00,Standard Shipping,2026-09-16T09:28:58.579Z,1,"Leather Backpack",145.00,165.00,BAG-LEATHER-005,TRUE,TRUE,fulfilled,"Customer 279","123 Market St","New York","10001","NY","US","Customer 279","123 Market St","New York","10001","NY","US",
#1280,customer41@example.com,paid,2026-09-16T11:28:58.579Z,fulfilled,2026-09-16T11:28:58.579Z,yes,USD,36.00,0.00,2.88,38.88,,0.00,Standard Shipping,2026-09-16T11:28:58.579Z,2,"Running Socks",18.00,22.00,SOCK-RUN-006,TRUE,TRUE,fulfilled,"Customer 280","123 Market St","New York","10001","NY","US","Customer 280","123 Market St","New York","10001","NY","US",
#1281,customer42@example.com,paid,2026-09-16T13:28:58.579Z,fulfilled,2026-09-16T13:28:58.579Z,yes,USD,28.00,0.00,2.24,30.24,,0.00,Standard Shipping,2026-09-16T13:28:58.579Z,1,"Cotton T-Shirt",28.00,32.00,TEE-COTTON-004,TRUE,TRUE,fulfilled,"Customer 281","123 Market St","New York","10001","NY","US","Customer 281","123 Market St","New York","10001","NY","US",
#1282,customer43@example.com,paid,2026-09-16T15:28:58.579Z,fulfilled,2026-09-16T15:28:58.579Z,yes,USD,180.00,0.00,14.40,194.40,,0.00,Standard Shipping,2026-09-16T15:28:58.579Z,1,"Premium Hoodie",85.00,95.00,HOODIE-PREM-001,TRUE,TRUE,fulfilled,"Customer 282","123 Market St","New York","10001","NY","US","Customer 282","123 Market St","New York","10001","NY","US","Co-purchase order"
#1282,customer43@example.com,paid,2026-09-16T15:28:58.579Z,fulfilled,2026-09-16T15:28:58.579Z,yes,USD,180.00,0.00,14.40,194.40,,0.00,Standard Shipping,2026-09-16T15:28:58.579Z,1,"Denim Jacket",95.00,110.00,JACKET-DENIM-003,TRUE,TRUE,fulfilled,"Customer 282","123 Market St","New York","10001","NY","US","Customer 282","123 Market St","New York","10001","NY","US","Co-purchase order"
#1283,customer44@example.com,paid,2026-09-16T17:28:58.579Z,fulfilled,2026-09-16T17:28:58.579Z,yes,USD,28.00,0.00,2.24,30.24,,0.00,Standard Shipping,2026-09-16T17:28:58.579Z,1,"Cotton T-Shirt",28.00,32.00,TEE-COTTON-004,TRUE,TRUE,fulfilled,"Customer 283","123 Market St","New York","10001","NY","US","Customer 283","123 Market St","New York","10001","NY","US",
#1284,customer45@example.com,paid,2026-09-16T19:28:58.579Z,fulfilled,2026-09-16T19:28:58.579Z,yes,USD,85.00,0.00,6.80,91.80,,0.00,Standard Shipping,2026-09-16T19:28:58.579Z,1,"Premium Hoodie",85.00,95.00,HOODIE-PREM-001,TRUE,TRUE,fulfilled,"Customer 284","123 Market St","New York","10001","NY","US","Customer 284","123 Market St","New York","10001","NY","US",
#1285,customer46@example.com,paid,2026-09-16T21:28:58.579Z,fulfilled,2026-09-16T21:28:58.579Z,yes,USD,36.00,0.00,2.88,38.88,,0.00,Standard Shipping,2026-09-16T21:28:58.579Z,2,"Running Socks",18.00,22.00,SOCK-RUN-006,TRUE,TRUE,fulfilled,"Customer 285","123 Market St","New York","10001","NY","US","Customer 285","123 Market St","New York","10001","NY","US",
#1286,customer47@example.com,paid,2026-09-16T23:28:58.579Z,fulfilled,2026-09-16T23:28:58.579Z,yes,USD,28.00,0.00,2.24,30.24,,0.00,Standard Shipping,2026-09-16T23:28:58.579Z,1,"Cotton T-Shirt",28.00,32.00,TEE-COTTON-004,TRUE,TRUE,fulfilled,"Customer 286","123 Market St","New York","10001","NY","US","Customer 286","123 Market St","New York","10001","NY","US",
#1287,customer48@example.com,paid,2026-09-17T01:28:58.579Z,fulfilled,2026-09-17T01:28:58.579Z,yes,USD,120.00,0.00,9.60,129.60,,0.00,Standard Shipping,2026-09-17T01:28:58.579Z,1,"Running Shoes",120.00,140.00,SHOE-RUN-002,TRUE,TRUE,fulfilled,"Customer 287","123 Market St","New York","10001","NY","US","Customer 287","123 Market St","New York","10001","NY","US",
#1288,customer49@example.com,paid,2026-09-17T03:28:58.579Z,fulfilled,2026-09-17T03:28:58.579Z,yes,USD,180.00,0.00,14.40,194.40,,0.00,Standard Shipping,2026-09-17T03:28:58.579Z,1,"Premium Hoodie",85.00,95.00,HOODIE-PREM-001,TRUE,TRUE,fulfilled,"Customer 288","123 Market St","New York","10001","NY","US","Customer 288","123 Market St","New York","10001","NY","US","Co-purchase order"
#1288,customer49@example.com,paid,2026-09-17T03:28:58.579Z,fulfilled,2026-09-17T03:28:58.579Z,yes,USD,180.00,0.00,14.40,194.40,,0.00,Standard Shipping,2026-09-17T03:28:58.579Z,1,"Denim Jacket",95.00,110.00,JACKET-DENIM-003,TRUE,TRUE,fulfilled,"Customer 288","123 Market St","New York","10001","NY","US","Customer 288","123 Market St","New York","10001","NY","US","Co-purchase order"
#1289,customer50@example.com,paid,2026-09-17T05:28:58.579Z,fulfilled,2026-09-17T05:28:58.579Z,yes,USD,28.00,0.00,2.24,30.24,,0.00,Standard Shipping,2026-09-17T05:28:58.579Z,1,"Cotton T-Shirt",28.00,32.00,TEE-COTTON-004,TRUE,TRUE,fulfilled,"Customer 289","123 Market St","New York","10001","NY","US","Customer 289","123 Market St","New York","10001","NY","US",
#1290,customer51@example.com,paid,2026-09-17T07:28:58.579Z,fulfilled,2026-09-17T07:28:58.579Z,yes,USD,36.00,0.00,2.88,38.88,,0.00,Standard Shipping,2026-09-17T07:28:58.579Z,2,"Running Socks",18.00,22.00,SOCK-RUN-006,TRUE,TRUE,fulfilled,"Customer 290","123 Market St","New York","10001","NY","US","Customer 290","123 Market St","New York","10001","NY","US",
#1291,customer52@example.com,paid,2026-09-17T09:28:58.579Z,fulfilled,2026-09-17T09:28:58.579Z,yes,USD,145.00,0.00,11.60,156.60,,0.00,Standard Shipping,2026-09-17T09:28:58.579Z,1,"Leather Backpack",145.00,165.00,BAG-LEATHER-005,TRUE,TRUE,fulfilled,"Customer 291","123 Market St","New York","10001","NY","US","Customer 291","123 Market St","New York","10001","NY","US",
#1292,customer53@example.com,paid,2026-09-17T11:28:58.579Z,fulfilled,2026-09-17T11:28:58.579Z,yes,USD,85.00,0.00,6.80,91.80,,0.00,Standard Shipping,2026-09-17T11:28:58.579Z,1,"Premium Hoodie",85.00,95.00,HOODIE-PREM-001,TRUE,TRUE,fulfilled,"Customer 292","123 Market St","New York","10001","NY","US","Customer 292","123 Market St","New York","10001","NY","US",
#1293,customer54@example.com,paid,2026-09-17T13:28:58.579Z,fulfilled,2026-09-17T13:28:58.579Z,yes,USD,28.00,0.00,2.24,30.24,,0.00,Standard Shipping,2026-09-17T13:28:58.579Z,1,"Cotton T-Shirt",28.00,32.00,TEE-COTTON-004,TRUE,TRUE,fulfilled,"Customer 293","123 Market St","New York","10001","NY","US","Customer 293","123 Market St","New York","10001","NY","US",
#1294,customer55@example.com,paid,2026-09-17T15:28:58.579Z,fulfilled,2026-09-17T15:28:58.579Z,yes,USD,180.00,0.00,14.40,194.40,,0.00,Standard Shipping,2026-09-17T15:28:58.579Z,1,"Premium Hoodie",85.00,95.00,HOODIE-PREM-001,TRUE,TRUE,fulfilled,"Customer 294","123 Market St","New York","10001","NY","US","Customer 294","123 Market St","New York","10001","NY","US","Co-purchase order"
#1294,customer55@example.com,paid,2026-09-17T15:28:58.579Z,fulfilled,2026-09-17T15:28:58.579Z,yes,USD,180.00,0.00,14.40,194.40,,0.00,Standard Shipping,2026-09-17T15:28:58.579Z,1,"Denim Jacket",95.00,110.00,JACKET-DENIM-003,TRUE,TRUE,fulfilled,"Customer 294","123 Market St","New York","10001","NY","US","Customer 294","123 Market St","New York","10001","NY","US","Co-purchase order"
#1295,customer56@example.com,paid,2026-09-17T17:28:58.579Z,fulfilled,2026-09-17T17:28:58.579Z,yes,USD,36.00,0.00,2.88,38.88,,0.00,Standard Shipping,2026-09-17T17:28:58.579Z,2,"Running Socks",18.00,22.00,SOCK-RUN-006,TRUE,TRUE,fulfilled,"Customer 295","123 Market St","New York","10001","NY","US","Customer 295","123 Market St","New York","10001","NY","US",
#1296,customer57@example.com,paid,2026-09-17T19:28:58.579Z,fulfilled,2026-09-17T19:28:58.579Z,yes,USD,85.00,0.00,6.80,91.80,,0.00,Standard Shipping,2026-09-17T19:28:58.579Z,1,"Premium Hoodie",85.00,95.00,HOODIE-PREM-001,TRUE,TRUE,fulfilled,"Customer 296","123 Market St","New York","10001","NY","US","Customer 296","123 Market St","New York","10001","NY","US",
#1297,customer58@example.com,paid,2026-09-17T21:28:58.579Z,fulfilled,2026-09-17T21:28:58.579Z,yes,USD,145.00,0.00,11.60,156.60,,0.00,Standard Shipping,2026-09-17T21:28:58.579Z,1,"Leather Backpack",145.00,165.00,BAG-LEATHER-005,TRUE,TRUE,fulfilled,"Customer 297","123 Market St","New York","10001","NY","US","Customer 297","123 Market St","New York","10001","NY","US",
#1298,customer59@example.com,paid,2026-09-17T23:28:58.579Z,fulfilled,2026-09-17T23:28:58.579Z,yes,USD,28.00,0.00,2.24,30.24,,0.00,Standard Shipping,2026-09-17T23:28:58.579Z,1,"Cotton T-Shirt",28.00,32.00,TEE-COTTON-004,TRUE,TRUE,fulfilled,"Customer 298","123 Market St","New York","10001","NY","US","Customer 298","123 Market St","New York","10001","NY","US",
#1299,customer60@example.com,paid,2026-09-18T01:28:58.579Z,fulfilled,2026-09-18T01:28:58.579Z,yes,USD,28.00,0.00,2.24,30.24,,0.00,Standard Shipping,2026-09-18T01:28:58.579Z,1,"Cotton T-Shirt",28.00,32.00,TEE-COTTON-004,TRUE,TRUE,fulfilled,"Customer 299","123 Market St","New York","10001","NY","US","Customer 299","123 Market St","New York","10001","NY","US",
#1300,customer1@example.com,paid,2026-09-18T03:28:58.579Z,fulfilled,2026-09-18T03:28:58.579Z,yes,USD,180.00,0.00,14.40,194.40,,0.00,Standard Shipping,2026-09-18T03:28:58.579Z,1,"Premium Hoodie",85.00,95.00,HOODIE-PREM-001,TRUE,TRUE,fulfilled,"Customer 300","123 Market St","New York","10001","NY","US","Customer 300","123 Market St","New York","10001","NY","US","Co-purchase order"
#1300,customer1@example.com,paid,2026-09-18T03:28:58.579Z,fulfilled,2026-09-18T03:28:58.579Z,yes,USD,180.00,0.00,14.40,194.40,,0.00,Standard Shipping,2026-09-18T03:28:58.579Z,1,"Denim Jacket",95.00,110.00,JACKET-DENIM-003,TRUE,TRUE,fulfilled,"Customer 300","123 Market St","New York","10001","NY","US","Customer 300","123 Market St","New York","10001","NY","US","Co-purchase order"
#1301,customer2@example.com,paid,2026-09-18T05:28:58.579Z,fulfilled,2026-09-18T05:28:58.579Z,yes,USD,120.00,0.00,9.60,129.60,,0.00,Standard Shipping,2026-09-18T05:28:58.579Z,1,"Running Shoes",120.00,140.00,SHOE-RUN-002,TRUE,TRUE,fulfilled,"Customer 301","123 Market St","New York","10001","NY","US","Customer 301","123 Market St","New York","10001","NY","US",
#1302,customer3@example.com,paid,2026-09-18T07:28:58.579Z,fulfilled,2026-09-18T07:28:58.579Z,yes,USD,28.00,0.00,2.24,30.24,,0.00,Standard Shipping,2026-09-18T07:28:58.579Z,1,"Cotton T-Shirt",28.00,32.00,TEE-COTTON-004,TRUE,TRUE,fulfilled,"Customer 302","123 Market St","New York","10001","NY","US","Customer 302","123 Market St","New York","10001","NY","US",
#1303,customer4@example.com,paid,2026-09-18T09:28:58.579Z,fulfilled,2026-09-18T09:28:58.579Z,yes,USD,145.00,0.00,11.60,156.60,,0.00,Standard Shipping,2026-09-18T09:28:58.579Z,1,"Leather Backpack",145.00,165.00,BAG-LEATHER-005,TRUE,TRUE,fulfilled,"Customer 303","123 Market St","New York","10001","NY","US","Customer 303","123 Market St","New York","10001","NY","US",
#1304,customer5@example.com,paid,2026-09-18T11:28:58.579Z,fulfilled,2026-09-18T11:28:58.579Z,yes,USD,85.00,0.00,6.80,91.80,,0.00,Standard Shipping,2026-09-18T11:28:58.579Z,1,"Premium Hoodie",85.00,95.00,HOODIE-PREM-001,TRUE,TRUE,fulfilled,"Customer 304","123 Market St","New York","10001","NY","US","Customer 304","123 Market St","New York","10001","NY","US",
#1305,customer6@example.com,paid,2026-09-18T13:28:58.579Z,fulfilled,2026-09-18T13:28:58.579Z,yes,USD,36.00,0.00,2.88,38.88,,0.00,Standard Shipping,2026-09-18T13:28:58.579Z,2,"Running Socks",18.00,22.00,SOCK-RUN-006,TRUE,TRUE,fulfilled,"Customer 305","123 Market St","New York","10001","NY","US","Customer 305","123 Market St","New York","10001","NY","US",
#1306,customer7@example.com,paid,2026-09-18T15:28:58.579Z,fulfilled,2026-09-18T15:28:58.579Z,yes,USD,180.00,0.00,14.40,194.40,,0.00,Standard Shipping,2026-09-18T15:28:58.579Z,1,"Premium Hoodie",85.00,95.00,HOODIE-PREM-001,TRUE,TRUE,fulfilled,"Customer 306","123 Market St","New York","10001","NY","US","Customer 306","123 Market St","New York","10001","NY","US","Co-purchase order"
#1306,customer7@example.com,paid,2026-09-18T15:28:58.579Z,fulfilled,2026-09-18T15:28:58.579Z,yes,USD,180.00,0.00,14.40,194.40,,0.00,Standard Shipping,2026-09-18T15:28:58.579Z,1,"Denim Jacket",95.00,110.00,JACKET-DENIM-003,TRUE,TRUE,fulfilled,"Customer 306","123 Market St","New York","10001","NY","US","Customer 306","123 Market St","New York","10001","NY","US","Co-purchase order"
#1307,customer8@example.com,paid,2026-09-18T17:28:58.579Z,fulfilled,2026-09-18T17:28:58.579Z,yes,USD,28.00,0.00,2.24,30.24,,0.00,Standard Shipping,2026-09-18T17:28:58.579Z,1,"Cotton T-Shirt",28.00,32.00,TEE-COTTON-004,TRUE,TRUE,fulfilled,"Customer 307","123 Market St","New York","10001","NY","US","Customer 307","123 Market St","New York","10001","NY","US",
#1308,customer9@example.com,paid,2026-09-18T19:28:58.579Z,fulfilled,2026-09-18T19:28:58.579Z,yes,USD,85.00,0.00,6.80,91.80,,0.00,Standard Shipping,2026-09-18T19:28:58.579Z,1,"Premium Hoodie",85.00,95.00,HOODIE-PREM-001,TRUE,TRUE,fulfilled,"Customer 308","123 Market St","New York","10001","NY","US","Customer 308","123 Market St","New York","10001","NY","US",
#1309,customer10@example.com,paid,2026-09-18T21:28:58.579Z,fulfilled,2026-09-18T21:28:58.579Z,yes,USD,145.00,0.00,11.60,156.60,,0.00,Standard Shipping,2026-09-18T21:28:58.579Z,1,"Leather Backpack",145.00,165.00,BAG-LEATHER-005,TRUE,TRUE,fulfilled,"Customer 309","123 Market St","New York","10001","NY","US","Customer 309","123 Market St","New York","10001","NY","US",
#1310,customer11@example.com,paid,2026-09-18T23:28:58.579Z,fulfilled,2026-09-18T23:28:58.579Z,yes,USD,36.00,0.00,2.88,38.88,,0.00,Standard Shipping,2026-09-18T23:28:58.579Z,2,"Running Socks",18.00,22.00,SOCK-RUN-006,TRUE,TRUE,fulfilled,"Customer 310","123 Market St","New York","10001","NY","US","Customer 310","123 Market St","New York","10001","NY","US",
#1311,customer12@example.com,paid,2026-09-19T01:28:58.579Z,fulfilled,2026-09-19T01:28:58.579Z,yes,USD,28.00,0.00,2.24,30.24,,0.00,Standard Shipping,2026-09-19T01:28:58.579Z,1,"Cotton T-Shirt",28.00,32.00,TEE-COTTON-004,TRUE,TRUE,fulfilled,"Customer 311","123 Market St","New York","10001","NY","US","Customer 311","123 Market St","New York","10001","NY","US",
#1312,customer13@example.com,paid,2026-09-19T03:28:58.579Z,fulfilled,2026-09-19T03:28:58.579Z,yes,USD,180.00,0.00,14.40,194.40,,0.00,Standard Shipping,2026-09-19T03:28:58.579Z,1,"Premium Hoodie",85.00,95.00,HOODIE-PREM-001,TRUE,TRUE,fulfilled,"Customer 312","123 Market St","New York","10001","NY","US","Customer 312","123 Market St","New York","10001","NY","US","Co-purchase order"
#1312,customer13@example.com,paid,2026-09-19T03:28:58.579Z,fulfilled,2026-09-19T03:28:58.579Z,yes,USD,180.00,0.00,14.40,194.40,,0.00,Standard Shipping,2026-09-19T03:28:58.579Z,1,"Denim Jacket",95.00,110.00,JACKET-DENIM-003,TRUE,TRUE,fulfilled,"Customer 312","123 Market St","New York","10001","NY","US","Customer 312","123 Market St","New York","10001","NY","US","Co-purchase order"
#1313,customer14@example.com,paid,2026-09-19T05:28:58.579Z,fulfilled,2026-09-19T05:28:58.579Z,yes,USD,28.00,0.00,2.24,30.24,,0.00,Standard Shipping,2026-09-19T05:28:58.579Z,1,"Cotton T-Shirt",28.00,32.00,TEE-COTTON-004,TRUE,TRUE,fulfilled,"Customer 313","123 Market St","New York","10001","NY","US","Customer 313","123 Market St","New York","10001","NY","US",
#1314,customer15@example.com,paid,2026-09-19T07:28:58.579Z,fulfilled,2026-09-19T07:28:58.579Z,yes,USD,28.00,0.00,2.24,30.24,,0.00,Standard Shipping,2026-09-19T07:28:58.579Z,1,"Cotton T-Shirt",28.00,32.00,TEE-COTTON-004,TRUE,TRUE,fulfilled,"Customer 314","123 Market St","New York","10001","NY","US","Customer 314","123 Market St","New York","10001","NY","US",
#1315,customer16@example.com,paid,2026-09-19T09:28:58.579Z,fulfilled,2026-09-19T09:28:58.579Z,yes,USD,36.00,0.00,2.88,38.88,,0.00,Standard Shipping,2026-09-19T09:28:58.579Z,2,"Running Socks",18.00,22.00,SOCK-RUN-006,TRUE,TRUE,fulfilled,"Customer 315","123 Market St","New York","10001","NY","US","Customer 315","123 Market St","New York","10001","NY","US",
#1316,customer17@example.com,paid,2026-09-19T11:28:58.579Z,fulfilled,2026-09-19T11:28:58.579Z,yes,USD,85.00,0.00,6.80,91.80,,0.00,Standard Shipping,2026-09-19T11:28:58.579Z,1,"Premium Hoodie",85.00,95.00,HOODIE-PREM-001,TRUE,TRUE,fulfilled,"Customer 316","123 Market St","New York","10001","NY","US","Customer 316","123 Market St","New York","10001","NY","US",
#1317,customer18@example.com,paid,2026-09-19T13:28:58.579Z,fulfilled,2026-09-19T13:28:58.579Z,yes,USD,28.00,0.00,2.24,30.24,,0.00,Standard Shipping,2026-09-19T13:28:58.579Z,1,"Cotton T-Shirt",28.00,32.00,TEE-COTTON-004,TRUE,TRUE,fulfilled,"Customer 317","123 Market St","New York","10001","NY","US","Customer 317","123 Market St","New York","10001","NY","US",
#1318,customer19@example.com,paid,2026-09-19T15:28:58.579Z,fulfilled,2026-09-19T15:28:58.579Z,yes,USD,180.00,0.00,14.40,194.40,,0.00,Standard Shipping,2026-09-19T15:28:58.579Z,1,"Premium Hoodie",85.00,95.00,HOODIE-PREM-001,TRUE,TRUE,fulfilled,"Customer 318","123 Market St","New York","10001","NY","US","Customer 318","123 Market St","New York","10001","NY","US","Co-purchase order"
#1318,customer19@example.com,paid,2026-09-19T15:28:58.579Z,fulfilled,2026-09-19T15:28:58.579Z,yes,USD,180.00,0.00,14.40,194.40,,0.00,Standard Shipping,2026-09-19T15:28:58.579Z,1,"Denim Jacket",95.00,110.00,JACKET-DENIM-003,TRUE,TRUE,fulfilled,"Customer 318","123 Market St","New York","10001","NY","US","Customer 318","123 Market St","New York","10001","NY","US","Co-purchase order"
#1319,customer20@example.com,paid,2026-09-19T17:28:58.579Z,fulfilled,2026-09-19T17:28:58.579Z,yes,USD,28.00,0.00,2.24,30.24,,0.00,Standard Shipping,2026-09-19T17:28:58.579Z,1,"Cotton T-Shirt",28.00,32.00,TEE-COTTON-004,TRUE,TRUE,fulfilled,"Customer 319","123 Market St","New York","10001","NY","US","Customer 319","123 Market St","New York","10001","NY","US",
#1320,customer21@example.com,paid,2026-09-19T19:28:58.579Z,fulfilled,2026-09-19T19:28:58.579Z,yes,USD,36.00,0.00,2.88,38.88,,0.00,Standard Shipping,2026-09-19T19:28:58.579Z,2,"Running Socks",18.00,22.00,SOCK-RUN-006,TRUE,TRUE,fulfilled,"Customer 320","123 Market St","New York","10001","NY","US","Customer 320","123 Market St","New York","10001","NY","US",
#1321,customer22@example.com,paid,2026-09-19T21:28:58.579Z,fulfilled,2026-09-19T21:28:58.579Z,yes,USD,145.00,0.00,11.60,156.60,,0.00,Standard Shipping,2026-09-19T21:28:58.579Z,1,"Leather Backpack",145.00,165.00,BAG-LEATHER-005,TRUE,TRUE,fulfilled,"Customer 321","123 Market St","New York","10001","NY","US","Customer 321","123 Market St","New York","10001","NY","US",
#1322,customer23@example.com,paid,2026-09-19T23:28:58.579Z,fulfilled,2026-09-19T23:28:58.579Z,yes,USD,120.00,0.00,9.60,129.60,,0.00,Standard Shipping,2026-09-19T23:28:58.579Z,1,"Running Shoes",120.00,140.00,SHOE-RUN-002,TRUE,TRUE,fulfilled,"Customer 322","123 Market St","New York","10001","NY","US","Customer 322","123 Market St","New York","10001","NY","US",
#1323,customer24@example.com,paid,2026-09-20T01:28:58.579Z,fulfilled,2026-09-20T01:28:58.579Z,yes,USD,28.00,0.00,2.24,30.24,,0.00,Standard Shipping,2026-09-20T01:28:58.579Z,1,"Cotton T-Shirt",28.00,32.00,TEE-COTTON-004,TRUE,TRUE,fulfilled,"Customer 323","123 Market St","New York","10001","NY","US","Customer 323","123 Market St","New York","10001","NY","US",
#1324,customer25@example.com,paid,2026-09-20T03:28:58.579Z,fulfilled,2026-09-20T03:28:58.579Z,yes,USD,180.00,0.00,14.40,194.40,,0.00,Standard Shipping,2026-09-20T03:28:58.579Z,1,"Premium Hoodie",85.00,95.00,HOODIE-PREM-001,TRUE,TRUE,fulfilled,"Customer 324","123 Market St","New York","10001","NY","US","Customer 324","123 Market St","New York","10001","NY","US","Co-purchase order"
#1324,customer25@example.com,paid,2026-09-20T03:28:58.579Z,fulfilled,2026-09-20T03:28:58.579Z,yes,USD,180.00,0.00,14.40,194.40,,0.00,Standard Shipping,2026-09-20T03:28:58.579Z,1,"Denim Jacket",95.00,110.00,JACKET-DENIM-003,TRUE,TRUE,fulfilled,"Customer 324","123 Market St","New York","10001","NY","US","Customer 324","123 Market St","New York","10001","NY","US","Co-purchase order"
#1325,customer26@example.com,paid,2026-09-20T05:28:58.579Z,fulfilled,2026-09-20T05:28:58.579Z,yes,USD,36.00,0.00,2.88,38.88,,0.00,Standard Shipping,2026-09-20T05:28:58.579Z,2,"Running Socks",18.00,22.00,SOCK-RUN-006,TRUE,TRUE,fulfilled,"Customer 325","123 Market St","New York","10001","NY","US","Customer 325","123 Market St","New York","10001","NY","US",
#1326,customer27@example.com,paid,2026-09-20T07:28:58.579Z,fulfilled,2026-09-20T07:28:58.579Z,yes,USD,28.00,0.00,2.24,30.24,,0.00,Standard Shipping,2026-09-20T07:28:58.579Z,1,"Cotton T-Shirt",28.00,32.00,TEE-COTTON-004,TRUE,TRUE,fulfilled,"Customer 326","123 Market St","New York","10001","NY","US","Customer 326","123 Market St","New York","10001","NY","US",
#1327,customer28@example.com,paid,2026-09-20T09:28:58.579Z,fulfilled,2026-09-20T09:28:58.579Z,yes,USD,145.00,0.00,11.60,156.60,,0.00,Standard Shipping,2026-09-20T09:28:58.579Z,1,"Leather Backpack",145.00,165.00,BAG-LEATHER-005,TRUE,TRUE,fulfilled,"Customer 327","123 Market St","New York","10001","NY","US","Customer 327","123 Market St","New York","10001","NY","US",
#1328,customer29@example.com,paid,2026-09-20T11:28:58.579Z,fulfilled,2026-09-20T11:28:58.579Z,yes,USD,85.00,0.00,6.80,91.80,,0.00,Standard Shipping,2026-09-20T11:28:58.579Z,1,"Premium Hoodie",85.00,95.00,HOODIE-PREM-001,TRUE,TRUE,fulfilled,"Customer 328","123 Market St","New York","10001","NY","US","Customer 328","123 Market St","New York","10001","NY","US",
#1329,customer30@example.com,paid,2026-09-20T13:28:58.579Z,fulfilled,2026-09-20T13:28:58.579Z,yes,USD,120.00,0.00,9.60,129.60,,0.00,Standard Shipping,2026-09-20T13:28:58.579Z,1,"Running Shoes",120.00,140.00,SHOE-RUN-002,TRUE,TRUE,fulfilled,"Customer 329","123 Market St","New York","10001","NY","US","Customer 329","123 Market St","New York","10001","NY","US",
#1330,customer31@example.com,paid,2026-09-20T15:28:58.579Z,fulfilled,2026-09-20T15:28:58.579Z,yes,USD,180.00,0.00,14.40,194.40,,0.00,Standard Shipping,2026-09-20T15:28:58.579Z,1,"Premium Hoodie",85.00,95.00,HOODIE-PREM-001,TRUE,TRUE,fulfilled,"Customer 330","123 Market St","New York","10001","NY","US","Customer 330","123 Market St","New York","10001","NY","US","Co-purchase order"
#1330,customer31@example.com,paid,2026-09-20T15:28:58.579Z,fulfilled,2026-09-20T15:28:58.579Z,yes,USD,180.00,0.00,14.40,194.40,,0.00,Standard Shipping,2026-09-20T15:28:58.579Z,1,"Denim Jacket",95.00,110.00,JACKET-DENIM-003,TRUE,TRUE,fulfilled,"Customer 330","123 Market St","New York","10001","NY","US","Customer 330","123 Market St","New York","10001","NY","US","Co-purchase order"
#1331,customer32@example.com,paid,2026-09-20T17:28:58.579Z,fulfilled,2026-09-20T17:28:58.579Z,yes,USD,28.00,0.00,2.24,30.24,,0.00,Standard Shipping,2026-09-20T17:28:58.579Z,1,"Cotton T-Shirt",28.00,32.00,TEE-COTTON-004,TRUE,TRUE,fulfilled,"Customer 331","123 Market St","New York","10001","NY","US","Customer 331","123 Market St","New York","10001","NY","US",
#1332,customer33@example.com,paid,2026-09-20T19:28:58.579Z,fulfilled,2026-09-20T19:28:58.579Z,yes,USD,85.00,0.00,6.80,91.80,,0.00,Standard Shipping,2026-09-20T19:28:58.579Z,1,"Premium Hoodie",85.00,95.00,HOODIE-PREM-001,TRUE,TRUE,fulfilled,"Customer 332","123 Market St","New York","10001","NY","US","Customer 332","123 Market St","New York","10001","NY","US",
#1333,customer34@example.com,paid,2026-09-20T21:28:58.579Z,fulfilled,2026-09-20T21:28:58.579Z,yes,USD,145.00,0.00,11.60,156.60,,0.00,Standard Shipping,2026-09-20T21:28:58.579Z,1,"Leather Backpack",145.00,165.00,BAG-LEATHER-005,TRUE,TRUE,fulfilled,"Customer 333","123 Market St","New York","10001","NY","US","Customer 333","123 Market St","New York","10001","NY","US",
#1334,customer35@example.com,paid,2026-09-20T23:28:58.579Z,fulfilled,2026-09-20T23:28:58.579Z,yes,USD,28.00,0.00,2.24,30.24,,0.00,Standard Shipping,2026-09-20T23:28:58.579Z,1,"Cotton T-Shirt",28.00,32.00,TEE-COTTON-004,TRUE,TRUE,fulfilled,"Customer 334","123 Market St","New York","10001","NY","US","Customer 334","123 Market St","New York","10001","NY","US",
#1335,customer36@example.com,paid,2026-09-21T01:28:58.579Z,fulfilled,2026-09-21T01:28:58.579Z,yes,USD,36.00,0.00,2.88,38.88,,0.00,Standard Shipping,2026-09-21T01:28:58.579Z,2,"Running Socks",18.00,22.00,SOCK-RUN-006,TRUE,TRUE,fulfilled,"Customer 335","123 Market St","New York","10001","NY","US","Customer 335","123 Market St","New York","10001","NY","US",
#1336,customer37@example.com,paid,2026-09-21T03:28:58.579Z,fulfilled,2026-09-21T03:28:58.579Z,yes,USD,180.00,0.00,14.40,194.40,,0.00,Standard Shipping,2026-09-21T03:28:58.579Z,1,"Premium Hoodie",85.00,95.00,HOODIE-PREM-001,TRUE,TRUE,fulfilled,"Customer 336","123 Market St","New York","10001","NY","US","Customer 336","123 Market St","New York","10001","NY","US","Co-purchase order"
#1336,customer37@example.com,paid,2026-09-21T03:28:58.579Z,fulfilled,2026-09-21T03:28:58.579Z,yes,USD,180.00,0.00,14.40,194.40,,0.00,Standard Shipping,2026-09-21T03:28:58.579Z,1,"Denim Jacket",95.00,110.00,JACKET-DENIM-003,TRUE,TRUE,fulfilled,"Customer 336","123 Market St","New York","10001","NY","US","Customer 336","123 Market St","New York","10001","NY","US","Co-purchase order"
#1337,customer38@example.com,paid,2026-09-21T05:28:58.579Z,fulfilled,2026-09-21T05:28:58.579Z,yes,USD,28.00,0.00,2.24,30.24,,0.00,Standard Shipping,2026-09-21T05:28:58.579Z,1,"Cotton T-Shirt",28.00,32.00,TEE-COTTON-004,TRUE,TRUE,fulfilled,"Customer 337","123 Market St","New York","10001","NY","US","Customer 337","123 Market St","New York","10001","NY","US",
#1338,customer39@example.com,paid,2026-09-21T07:28:58.579Z,fulfilled,2026-09-21T07:28:58.579Z,yes,USD,28.00,0.00,2.24,30.24,,0.00,Standard Shipping,2026-09-21T07:28:58.579Z,1,"Cotton T-Shirt",28.00,32.00,TEE-COTTON-004,TRUE,TRUE,fulfilled,"Customer 338","123 Market St","New York","10001","NY","US","Customer 338","123 Market St","New York","10001","NY","US",
#1339,customer40@example.com,paid,2026-09-21T09:28:58.579Z,fulfilled,2026-09-21T09:28:58.579Z,yes,USD,145.00,0.00,11.60,156.60,,0.00,Standard Shipping,2026-09-21T09:28:58.579Z,1,"Leather Backpack",145.00,165.00,BAG-LEATHER-005,TRUE,TRUE,fulfilled,"Customer 339","123 Market St","New York","10001","NY","US","Customer 339","123 Market St","New York","10001","NY","US",
#1340,customer41@example.com,paid,2026-09-21T11:28:58.579Z,fulfilled,2026-09-21T11:28:58.579Z,yes,USD,36.00,0.00,2.88,38.88,,0.00,Standard Shipping,2026-09-21T11:28:58.579Z,2,"Running Socks",18.00,22.00,SOCK-RUN-006,TRUE,TRUE,fulfilled,"Customer 340","123 Market St","New York","10001","NY","US","Customer 340","123 Market St","New York","10001","NY","US",
#1341,customer42@example.com,paid,2026-09-21T13:28:58.579Z,fulfilled,2026-09-21T13:28:58.579Z,yes,USD,28.00,0.00,2.24,30.24,,0.00,Standard Shipping,2026-09-21T13:28:58.579Z,1,"Cotton T-Shirt",28.00,32.00,TEE-COTTON-004,TRUE,TRUE,fulfilled,"Customer 341","123 Market St","New York","10001","NY","US","Customer 341","123 Market St","New York","10001","NY","US",
#1342,customer43@example.com,paid,2026-09-21T15:28:58.579Z,fulfilled,2026-09-21T15:28:58.579Z,yes,USD,180.00,0.00,14.40,194.40,,0.00,Standard Shipping,2026-09-21T15:28:58.579Z,1,"Premium Hoodie",85.00,95.00,HOODIE-PREM-001,TRUE,TRUE,fulfilled,"Customer 342","123 Market St","New York","10001","NY","US","Customer 342","123 Market St","New York","10001","NY","US","Co-purchase order"
#1342,customer43@example.com,paid,2026-09-21T15:28:58.579Z,fulfilled,2026-09-21T15:28:58.579Z,yes,USD,180.00,0.00,14.40,194.40,,0.00,Standard Shipping,2026-09-21T15:28:58.579Z,1,"Denim Jacket",95.00,110.00,JACKET-DENIM-003,TRUE,TRUE,fulfilled,"Customer 342","123 Market St","New York","10001","NY","US","Customer 342","123 Market St","New York","10001","NY","US","Co-purchase order"
#1343,customer44@example.com,paid,2026-09-21T17:28:58.579Z,fulfilled,2026-09-21T17:28:58.579Z,yes,USD,120.00,0.00,9.60,129.60,,0.00,Standard Shipping,2026-09-21T17:28:58.579Z,1,"Running Shoes",120.00,140.00,SHOE-RUN-002,TRUE,TRUE,fulfilled,"Customer 343","123 Market St","New York","10001","NY","US","Customer 343","123 Market St","New York","10001","NY","US",
#1344,customer45@example.com,paid,2026-09-21T19:28:58.579Z,fulfilled,2026-09-21T19:28:58.579Z,yes,USD,85.00,0.00,6.80,91.80,,0.00,Standard Shipping,2026-09-21T19:28:58.579Z,1,"Premium Hoodie",85.00,95.00,HOODIE-PREM-001,TRUE,TRUE,fulfilled,"Customer 344","123 Market St","New York","10001","NY","US","Customer 344","123 Market St","New York","10001","NY","US",
#1345,customer46@example.com,paid,2026-09-21T21:28:58.579Z,fulfilled,2026-09-21T21:28:58.579Z,yes,USD,36.00,0.00,2.88,38.88,,0.00,Standard Shipping,2026-09-21T21:28:58.579Z,2,"Running Socks",18.00,22.00,SOCK-RUN-006,TRUE,TRUE,fulfilled,"Customer 345","123 Market St","New York","10001","NY","US","Customer 345","123 Market St","New York","10001","NY","US",
#1346,customer47@example.com,paid,2026-09-21T23:28:58.579Z,fulfilled,2026-09-21T23:28:58.579Z,yes,USD,28.00,0.00,2.24,30.24,,0.00,Standard Shipping,2026-09-21T23:28:58.579Z,1,"Cotton T-Shirt",28.00,32.00,TEE-COTTON-004,TRUE,TRUE,fulfilled,"Customer 346","123 Market St","New York","10001","NY","US","Customer 346","123 Market St","New York","10001","NY","US",
#1347,customer48@example.com,paid,2026-09-22T01:28:58.579Z,fulfilled,2026-09-22T01:28:58.579Z,yes,USD,28.00,0.00,2.24,30.24,,0.00,Standard Shipping,2026-09-22T01:28:58.579Z,1,"Cotton T-Shirt",28.00,32.00,TEE-COTTON-004,TRUE,TRUE,fulfilled,"Customer 347","123 Market St","New York","10001","NY","US","Customer 347","123 Market St","New York","10001","NY","US",
#1348,customer49@example.com,paid,2026-09-22T03:28:58.579Z,fulfilled,2026-09-22T03:28:58.579Z,yes,USD,180.00,0.00,14.40,194.40,,0.00,Standard Shipping,2026-09-22T03:28:58.579Z,1,"Premium Hoodie",85.00,95.00,HOODIE-PREM-001,TRUE,TRUE,fulfilled,"Customer 348","123 Market St","New York","10001","NY","US","Customer 348","123 Market St","New York","10001","NY","US","Co-purchase order"
#1348,customer49@example.com,paid,2026-09-22T03:28:58.579Z,fulfilled,2026-09-22T03:28:58.579Z,yes,USD,180.00,0.00,14.40,194.40,,0.00,Standard Shipping,2026-09-22T03:28:58.579Z,1,"Denim Jacket",95.00,110.00,JACKET-DENIM-003,TRUE,TRUE,fulfilled,"Customer 348","123 Market St","New York","10001","NY","US","Customer 348","123 Market St","New York","10001","NY","US","Co-purchase order"
#1349,customer50@example.com,paid,2026-09-22T05:28:58.579Z,fulfilled,2026-09-22T05:28:58.579Z,yes,USD,28.00,0.00,2.24,30.24,,0.00,Standard Shipping,2026-09-22T05:28:58.579Z,1,"Cotton T-Shirt",28.00,32.00,TEE-COTTON-004,TRUE,TRUE,fulfilled,"Customer 349","123 Market St","New York","10001","NY","US","Customer 349","123 Market St","New York","10001","NY","US",
#1350,customer51@example.com,paid,2026-09-22T07:28:58.579Z,fulfilled,2026-09-22T07:28:58.579Z,yes,USD,36.00,0.00,2.88,38.88,,0.00,Standard Shipping,2026-09-22T07:28:58.579Z,2,"Running Socks",18.00,22.00,SOCK-RUN-006,TRUE,TRUE,fulfilled,"Customer 350","123 Market St","New York","10001","NY","US","Customer 350","123 Market St","New York","10001","NY","US",